<?xml version="1.0" encoding="UTF-8" standalone="yes"?>
<module_catalog_root>

  <module_name value="last_data" />

  <module_category value="home" />

  <module_author value="Elanat" />

  <module_directory_path value="last_data" />

  <module_physical_name value="Default.aspx" />
  
  <module_replace use_language="false" use_replace_part="false" use_module="false" use_plugin="false" use_elanat="false" use_item="false" use_fetch="false"  />
	
  <module_cache_parameters></module_cache_parameters>

  <module_version_support>
    <version value="2.0.0.0" />
  </module_version_support>

  <module_author_website>

  </module_author_website>

  <module_best_load_status value="server" />

  <module_version value="2.0.0.0" />

  <module_release_date value="2023/08/31"/>

  <module_info>
    auto_create_thumbnail_image tag in config.xml file, should be true
  </module_info>

  <module_license>

  </module_license>

  <module_static_head>

  </module_static_head>

  <module_load_tag>

  </module_load_tag>

  <module_install_path value="" />

  <module_uninstall_path value="" />

  <module_option_path value="option/Default.aspx" />

  <module_add_access_path>

  </module_add_access_path>

  <module_edit_own_access_path>

  </module_edit_own_access_path>

  <module_edit_all_access_path>
    <path type="url" start_by="true" exist="false" end_by="false" regex_match="false" active="true">
      <path_value>/option</path_value>
    </path>
    <path type="url" start_by="true" exist="false" end_by="false" regex_match="false" active="true">
      <path_value>catalog.xml</path_value>
    </path>
    <path type="url" start_by="true" exist="false" end_by="false" regex_match="false" active="true">
      <path_value>/language</path_value>
    </path>
  </module_edit_all_access_path>

  <module_delete_own_access_path>

  </module_delete_own_access_path>

  <module_delete_all_access_path>

  </module_delete_all_access_path>

  </module_catalog_root>