﻿<?xml version="1.0" encoding="utf-8" standalone="yes"?>
<column_root>
  <column_list>
    
      <column>content_id</column>
      <column>content_title</column>
      <column>user_site_name</column>
      <column>category_name</column>
      <column>content_text</column>
      <column>content_date_create</column>
      <column>content_time_create</column>
      <column>content_type</column>
      <column>content_rating_number_of_voted</column>
      <column>content_rating_rating</column>
      <column>content_icon_physical_name</column>
      <column>content_avatar_physical_name</column>
    
  </column_list>
</column_root>