<?xml version="1.0" encoding="UTF-8" standalone="yes"?>
<admin_template_catalog_root>

  <admin_template_name value="" />

  <admin_template_author value="" />

  <admin_template_directory_path value="" />

  <admin_template_physical_name value="template.xml" />

  <admin_template_version value="1.0.0.0" />

  <admin_template_release_date value="2023/08/31"/>

  <admin_template_info>

  </admin_template_info>

  <admin_template_license>

  </admin_template_license>

  <admin_template_static_head>

  </admin_template_static_head>

  <admin_template_load_tag>

  </admin_template_load_tag>
  
</admin_template_catalog_root>