﻿<?xml version="1.0" encoding="utf-8" standalone="yes"?>
<item_view_root>
  <![CDATA[item_search only char,varchar,nvarchar type]]>
  <item_search_list>
    <column>role_name</column>
  </item_search_list>
  <item_view_list>
    <view_table>
      <column>role_name</column>
      <column>role_type</column>
    </view_table>
    <view_more>
      <column>role_active</column>
      <column>role_add_always_on_top_content</column>
      <column>role_add_content_without_approval</column>
      <column>role_add_free_comment_content</column>
      <column>role_admin_dynamic_head_configuration</column>
      <column>role_admin_global_location_configuration</column>
      <column>role_admin_global_style_configuration</column>
      <column>role_admin_global_template_configuration</column>
      <column>role_admin_page_load_configuration</column>
      <column>role_admin_script_configuration</column>
      <column>role_admin_static_head_configuration</column>
      <column>role_after_load_path_reference_configuration</column>
      <column>role_approval_comment_only_own_content</column>
      <column>role_authorized_extension_configuration</column>
      <column>role_before_load_path_reference_configuration</column>
      <column>role_box_configuration</column>
      <column>role_calendar_configuration</column>
      <column>role_captcha_configuration</column>
      <column>role_client_file_extensions_configuration</column>
      <column>role_config_configuration</column>
      <column>role_content_icon_configuration</column>
      <column>role_default_page_configuration</column>
      <column>role_delete_comment_only_own_content</column>
      <column>role_edit_comment_only_own_content</column>
      <column>role_event_reference_configuration</column>
      <column>role_file_extensions_configuration</column>
      <column>role_file_viewer_configuration</column>
      <column>role_foreign_key_configuration</column>
      <column>role_global_script_configuration</column>
      <column>role_global_style_configuration</column>
      <column>role_global_template_configuration</column>
      <column>role_id</column>
      <column>role_link_protocol_configuration</column>
      <column>role_name</column>
      <column>role_page_location_configuration</column>
      <column>role_replace_part_configuration</column>
      <column>role_reply_comment_all_content</column>
      <column>role_reply_comment_only_own_content</column>
      <column>role_robots_configuration</column>
      <column>role_role_bit_column_access_configuration</column>
      <column>role_scheduled_tasks_configuration</column>
      <column>role_security_configuration</column>
      <column>role_site_dynamic_head_configuration</column>
      <column>role_site_global_location_configuration</column>
      <column>role_site_global_style_configuration</column>
      <column>role_site_global_template_configuration</column>
      <column>role_site_page_load_configuration</column>
      <column>role_site_script_configuration</column>
      <column>role_site_static_head_configuration</column>
      <column>role_start_up_configuration</column>
      <column>role_struct_configuration</column>
      <column>role_submit_foot_print</column>
      <column>role_submit_visit</column>
      <column>role_system_configuration</column>
      <column>role_type</column>
      <column>role_type_configuration</column>
      <column>role_upload_file</column>
      <column>role_url_redirect_configuration</column>
      <column>role_url_rewrite_configuration</column>
      <column>role_web_config_configuration</column>
      <column>role_write_html</column>
      <column>role_wysiwyg_configuration</column>
    </view_more>
  </item_view_list>
</item_view_root>