{
  "last_node_id": 13,
  "last_link_id": 12,
  "nodes": [
    {
      "id": 10,
      "type": "LoadAudio",
      "pos": [
        311,
        262
      ],
      "size": {
        "0": 315,
        "1": 124
      },
      "flags": {},
      "order": 0,
      "mode": 0,
      "outputs": [
        {
          "name": "AUDIO",
          "type": "AUDIO",
          "links": [
            10
          ],
          "shape": 3,
          "slot_index": 0
        }
      ],
      "properties": {
        "Node name for S&R": "LoadAudio"
      },
      "widgets_values": [
        "{{Speech.Name}}",
        null,
        ""
      ]
    },
    {
      "id": 11,
      "type": "AudioToTextWhisper",
      "pos": [
        871,
        292
      ],
      "size": {
        "0": 330,
        "1": 78
      },
      "flags": {},
      "order": 1,
      "mode": 0,
      "inputs": [
        {
          "name": "audio",
          "type": "AUDIO",
          "link": 10
        }
      ],
      "outputs": [
        {
          "name": "text",
          "type": "STRING",
          "links": [
            12
          ],
          "shape": 3,
          "slot_index": 0
        },
        {
          "name": "text_with_timestamps",
          "type": "STRING",
          "links": [
            11
          ],
          "shape": 3,
          "slot_index": 1
        }
      ],
      "properties": {
        "Node name for S&R": "AudioToTextWhisper"
      },
      "widgets_values": [
        "{{Model}}"
      ]
    },
    {
      "id": 13,
      "type": "ShowText|pysssss",
      "pos": [
        1435,
        281
      ],
      "size": [
        618,
        498
      ],
      "flags": {},
      "order": 2,
      "mode": 0,
      "inputs": [
        {
          "name": "text",
          "type": "STRING",
          "link": 12,
          "widget": {
            "name": "text"
          }
        }
      ],
      "outputs": [
        {
          "name": "STRING",
          "type": "STRING",
          "links": null,
          "shape": 6
        }
      ],
      "properties": {
        "Node name for S&R": "ShowText|pysssss"
      },
      "widgets_values": [
        "",
        ""
      ]
    },
    {
      "id": 12,
      "type": "ShowText|pysssss",
      "pos": [
        494,
        636
      ],
      "size": [
        918,
        845
      ],
      "flags": {},
      "order": 3,
      "mode": 0,
      "inputs": [
        {
          "name": "text",
          "type": "STRING",
          "link": 11,
          "widget": {
            "name": "text"
          }
        }
      ],
      "outputs": [
        {
          "name": "STRING",
          "type": "STRING",
          "links": null,
          "shape": 6
        }
      ],
      "properties": {
        "Node name for S&R": "ShowText|pysssss"
      },
      "widgets_values": [
        "",
        ""
      ]
    }
  ],
  "links": [
    [
      10,
      10,
      0,
      11,
      0,
      "AUDIO"
    ],
    [
      11,
      11,
      1,
      12,
      0,
      "STRING"
    ],
    [
      12,
      11,
      0,
      13,
      0,
      "STRING"
    ]
  ],
  "groups": [],
  "config": {},
  "extra": {
    "ds": {
      "scale": 0.9090909090909091,
      "offset": {
        "0": 104.49999237060547,
        "1": -189.1999969482422
      }
    }
  },
  "version": 0.4
}