<Dictionary>
  <Words>
    <Unrecognized>
    </Unrecognized>
    <Recognized>
      <Word>Nu</Word>
      <Word>NuGet</Word>
      <Word>nuget</Word>
      <Word>Nupkg</Word>
      <Word>Tokenizer</Word>
      <Word>Mirrorer</Word>
      <Word>Info</Word>
      <Word>dte</Word>
      <Word>param</Word>
      <Word>Infos</Word>
      <Word>nuspec</Word>
      <Word>tfs</Word>
      <Word>PowerShell</Word>
      <Word>fwlink</Word>
      <Word>Cpp</Word>
      <Word>Php</Word>
      <Word>Ashx</Word>
      <Word>Asax</Word>
      <Word>Plugin</Word>
      <Word>Plugins</Word>
      <Word>Notifier</Word>
      <Word>svn</Word>
      <Word>csproj</Word>
      <Word>vbproj</Word>
      <Word>fsproj</Word>
      <Word>semver</Word>
      <Word>Auth</Word>
      <Word>api</Word>
      <Word>Dir</Word>
      <Word>Mvc</Word>
      <Word>Vsix</Word>
      <Word>Prerelease</Word>
      <Word>Preprocessor</Word>
      <Word>Percent</Word>
      <Word>Callback</Word>
      <Word>Color</Word>
      <Word>Ld</Word>
    </Recognized>
    <Deprecated>
      <Term PreferredAlternate=""></Term>
    </Deprecated>
    <Compound>
      <Term CompoundAlternate="NuGet">NuGet</Term>
      <Term CompoundAlternate="nuget">nuget</Term>
      <Term CompoundAlternate="ConsoleDispatcher">ConsoleDispatcher</Term>
      <Term CompoundAlternate="PowerShell">PowerShell</Term>
      <Term CompoundAlternate="WebSite">WebSite</Term>
    </Compound>
    <DiscreteExceptions>
      <Term>nuget</Term>
    </DiscreteExceptions>
  </Words>
  <Acronyms>
    <CasingExceptions>
      <Acronym>Vs</Acronym>
      <Acronym>DTE</Acronym>
      <Acronym>TFS</Acronym>
      <Acronym>STS</Acronym>
    </CasingExceptions>
  </Acronyms>
</Dictionary>
