{"cachedAt":"2023-04-22T03:08:14.4444829Z","results":{"web":24638,"mvc":6737,"selfhost":6142,"angular-spa":4474,"vue-spa":3931,"razor":3793,"blazor-tailwind":3592,"react-spa":3545,"blazor-wasm":2868,"winservice":2283,"vue-nuxt":2199,"vuetify-spa":1964,"svelte-spa":1875,"nextjs":1773,"aurelia-spa":1734,"empty":1696,"script":1493,"vuetify-nuxt":1413,"vue-ssg":1346,"angular-lite-spa":1288,"mvcauth":1277,"grpc":1138,"mvcidentity":1124,"vue-vite":1096,"blazor-server":1051,"vue-desktop":978,"vue-lite":965,"mvcidentityserver":949,"react-lite":919,"aws-lambda":672,"worker-rabbitmq":632,"worker-redismq":614,"nukedbit/blazor-wasm-servicestack":565,"parcel":551,"worker-servicebus":461,"react-desktop-apps":452,"worker-sqs":437,"bare-app":291,"vue-mjs":223,"web-tailwind":169,"mvc-tailwind":131,"razor-tailwind":130,"parcel-app":97,"razor-pages":79,"webapp":66}}