<mappings>
	<mapping>
		<source type="bigint" />
		<target type="number" />
	</mapping>
	<mapping>
		<source type="binary" />
		<target type="raw" substitute="blob"/>
	</mapping>
	<mapping>
		<source type="bit" />
		<target type="number" precision="1" scale="0" />
	</mapping>
	<mapping>
		<source type="char" />
		<target type="char" />
	</mapping>
	<mapping>
		<source type="date" />
		<target type="date" />
	</mapping>
	<mapping>
		<source type="datetime" />
		<target type="date" />
	</mapping>
	<mapping>
		<source type="datetime2" />
		<target type="timestamp" />
	</mapping>
	<mapping>
		<source type="datetimeoffset" />
		<target type="timestamp with time zone" />
	</mapping>
	<mapping>
		<source type="decimal" />
		<target type="number" />
	</mapping>
	<mapping>
		<source type="float" />
		<target type="binary_double" />
	</mapping>
	<mapping>
		<source type="geography" />
		<target type="st_geometry" />
	</mapping>
	<mapping>
		<source type="geometry" />
		<target type="st_geometry" />
	</mapping>
	<mapping>
		<source type="hierarchyid" />
		<target type="varchar2" length="4000" />
	</mapping>
	<mapping>
		<source type="image" />
		<target type="blob" />
	</mapping>
	<mapping>
		<source type="int" />
		<target type="int" />
	</mapping>
	<mapping>
		<source type="integer" />
		<target type="integer" />
	</mapping>
	<mapping>
		<source type="money" />
		<target type="number" precision="19" scale="4" />
	</mapping>
	<mapping>
		<source type="nchar" />
		<target type="nchar" substitute="nvarchar2,clob"/>
	</mapping>
	<mapping>
		<source type="ntext" />
		<target type="nclob" />
	</mapping>
	<mapping>
		<source type="numeric" />
		<target type="number" />
	</mapping>
	<mapping>
		<source type="nvarchar" />
		<target type="nvarchar2" substitute="nclob"/>
	</mapping>
	<mapping>
		<source type="real" />
		<target type="binary_float" />
	</mapping>
	<mapping>
		<source type="rowversion" />
		<target type="raw" length="8"/>
	</mapping>
	<mapping>
		<source type="smalldatetime" />
		<target type="timestamp"/>
	</mapping>
	<mapping>
		<source type="smallint" />
		<target type="smallint" />
	</mapping>
	<mapping>
		<source type="smallmoney" />
		<target type="number" precision="10" scale="4" />
	</mapping>
	<mapping>
		<source type="sql_variant" />
		<target type="clob" />
	</mapping>
	<mapping>
		<source type="sysname" />
		<target type="nvarchar2" length="128" />
	</mapping>
	<mapping>
		<source type="text" />
		<target type="clob" />
	</mapping>
	<mapping>
		<source type="time" />
		<target type="interval day to second" args="dayScale:0"/>
	</mapping>
	<mapping>
		<source type="timestamp" />
		<target type="raw" length="8"/>
	</mapping>
	<mapping>
		<source type="tinyint" />
		<target type="number" />
	</mapping>
	<mapping>
		<source type="uniqueidentifier" />
		<target type="raw" length="16" />
	</mapping>
	<mapping>
		<source type="varbinary" />
		<target type="blob" />
	</mapping>
	<mapping>
		<source type="varchar" />
		<target type="varchar2" substitute="clob"/>
	</mapping>
	<mapping>
		<source type="xml" />
		<target type="clob" />
	</mapping>
</mappings>