﻿<?xml version="1.0" encoding="utf-8" standalone="yes"?>
<item_view_root>
  <![CDATA[item_search only char,varchar,nvarchar type]]>
  <item_search_list> 
 	 <column>patch_name</column>
 	</item_search_list>
  <item_view_list>
    <view_table>
      <column>patch_name</column>
      <column>patch_category</column>
    </view_table>
    <view_more>
      <column>patch_active</column>
      <column>patch_category</column>
      <column>patch_directory_path</column>
      <column>patch_id</column>
      <column>patch_name</column>
    </view_more>
  </item_view_list>
</item_view_root>