﻿<?xml version="1.0" encoding="utf-8" standalone="yes"?>
<item_view_root>
  <![CDATA[item_search only char,varchar,nvarchar type]]>
  <item_search_list> 
 	 <column>user_name</column>
 	</item_search_list>
  <item_view_list>
    <view_table>
      <column>user_name</column>
      <column>user_site_name</column>
      <column>user_real_name</column>
      <column>group_name</column>
    </view_table>
    <view_more>
      <column>admin_language_id</column>
      <column>admin_style_id</column>
      <column>admin_style_name</column>
      <column>admin_template_id</column>
      <column>admin_template_name</column>
      <column>number_of_comment</column>
      <column>number_of_content</column>
      <column>site_language_id</column>
      <column>site_style_id</column>
      <column>site_style_name</column>
      <column>site_template_id</column>
      <column>site_template_name</column>
      <column>user_about</column>
      <column>user_active</column>
      <column>user_address</column>
      <column>user_age</column>
      <column>user_background_color</column>
      <column>user_birthday</column>
      <column>user_calendar</column>
      <column>user_city</column>
      <column>user_common_dark_background_color</column>
      <column>user_common_dark_text_color</column>
      <column>user_common_light_background_color</column>
      <column>user_common_light_text_color</column>
      <column>user_common_middle_background_color</column>
      <column>user_common_middle_text_color</column>
      <column>user_country</column>
      <column>user_date_create</column>
      <column>user_date_format</column>
      <column>user_day_difference</column>
      <column>user_email</column>
      <column>user_email_is_confirm</column>
      <column>user_first_day_of_week</column>
      <column>user_font_size</column>
      <column>user_gender</column>
      <column>group_id</column>
      <column>group_name</column>
      <column>user_id</column>
      <column>user_last_login</column>
      <column>user_mobile_number</column>
      <column>user_name</column>
      <column>user_natural_dark_background_color</column>
      <column>user_natural_dark_text_color</column>
      <column>user_natural_light_background_color</column>
      <column>user_natural_light_text_color</column>
      <column>user_natural_middle_background_color</column>
      <column>user_natural_middle_text_color</column>
      <column>user_number_of_upload</column>
      <column>user_other_info</column>
      <column>user_password</column>
      <column>user_phone_number</column>
      <column>user_postal_code</column>
      <column>user_public_email</column>
      <column>user_real_last_name</column>
      <column>user_real_name</column>
      <column>user_show_user_address_in_user_info</column>
      <column>user_show_user_avatar_in_user_info</column>
      <column>user_show_user_birthday_in_user_info</column>
      <column>user_show_user_city_in_user_info</column>
      <column>user_show_user_country_in_user_info</column>
      <column>user_show_user_email_in_user_info</column>
      <column>user_show_user_gender_in_user_info</column>
      <column>user_show_user_last_login_in_user_info</column>
      <column>user_show_user_mobile_number_in_user_info</column>
      <column>user_show_user_online_in_user_info</column>
      <column>user_show_user_phone_number_in_user_info</column>
      <column>user_show_user_postal_code_in_user_info</column>
      <column>user_show_user_state_or_province_in_user_info</column>
      <column>user_show_user_website_in_user_info</column>
      <column>user_show_user_zip_code_in_user_info</column>
      <column>user_site_name</column>
      <column>user_size_of_upload</column>
      <column>user_state_or_province</column>
      <column>user_time_format</column>
      <column>user_time_hours_difference</column>
      <column>user_time_minutes_difference</column>
      <column>user_time_zone</column>
      <column>user_user_info_background_color</column>
      <column>user_user_info_font_color</column>
      <column>user_website</column>
      <column>user_zip_code</column>
    </view_more>
  </item_view_list>
</item_view_root>