﻿<?xml version="1.0" encoding="utf-8" standalone="yes"?>
<item_view_root>
  <![CDATA[item_search only char,varchar,nvarchar type]]>
  <item_search_list> 
 	 <column>extra_helper_name</column>
 	</item_search_list>
  <item_view_list>
    <view_table>
      <column>extra_helper_name</column>
      <column>extra_helper_category</column>
    </view_table>
    <view_more>
      <column>extra_helper_active</column>
      <column>extra_helper_category</column>
      <column>extra_helper_directory_path</column>
      <column>extra_helper_id</column>
      <column>extra_helper_name</column>
      <column>extra_helper_physical_name</column>
      <column>extra_helper_physical_path</column>
      <column>extra_helper_use_elanat</column>
      <column>extra_helper_use_fetch</column>
      <column>extra_helper_use_item</column>
      <column>extra_helper_use_language</column>
      <column>extra_helper_use_module</column>
      <column>extra_helper_use_plugin</column>
      <column>extra_helper_use_replace_part</column>
      <column>extra_helper_cache_duration</column>
      <column>extra_helper_cache_parameters</column>
      <column>extra_helper_public_access_show</column>
      <column>extra_helper_sort_index</column>
    </view_more>
  </item_view_list>
</item_view_root>