﻿<?xml version="1.0" encoding="utf-8" standalone="yes"?>
<item_view_root>
  <![CDATA[item_search only char,varchar,nvarchar type]]>
  <item_search_list> 
 	 <column>content_title</column>
 	</item_search_list>
  <item_view_list>
    <view_table>
      <column>user_site_name</column>
      <column>category_name</column>
      <column>content_title</column>
      <column>content_type</column>
      <column>content_status</column>
    </view_table>
    <view_more>
      <column>category_id</column>
      <column>category_name</column>
      <column>comment_count</column>
      <column>content_always_on_top</column>
      <column>content_avatar_physical_name</column>
      <column>content_date_create</column>
      <column>content_icon_physical_name</column>
      <column>content_id</column>
      <column>content_password</column>
      <column>content_public_access_show</column>
      <column>content_rating_number_of_voted</column>
      <column>content_rating_rating</column>
      <column>content_status</column>
      <column>content_text</column>
      <column>content_time_create</column>
      <column>content_title</column>
      <column>content_type</column>
      <column>content_verify_comments</column>
      <column>content_visit</column>
      <column>user_id</column>
      <column>user_site_name</column>
      <column>content_reply_count</column>
    </view_more>
  </item_view_list>
</item_view_root>