﻿<?xml version="1.0" encoding="UTF-8" standalone="yes"?>
<language_root>
  <lang__></lang__>
  <lang_a></lang_a>
  <lang_b></lang_b>
  <lang_c></lang_c>
  <lang_d></lang_d>
  <lang_e></lang_e>
  <lang_f></lang_f>
  <lang_g></lang_g>
  <lang_h></lang_h>
  <lang_i></lang_i>
  <lang_j></lang_j>
  <lang_k></lang_k>
  <lang_l></lang_l>
  <lang_m></lang_m>
  <lang_n></lang_n>
  <lang_o></lang_o>
  <lang_p></lang_p>
  <lang_q></lang_q>
  <lang_r></lang_r>
  <lang_s></lang_s>
  <lang_t></lang_t>
  <lang_u></lang_u>
  <lang_v></lang_v>
  <lang_w></lang_w>
  <lang_x></lang_x>
  <lang_y></lang_y>
  <lang_z></lang_z>
</language_root>