{
  "projectName": "WiX Toolset",
  "showProjectName": true,
  "imageFileName": "wix-white.png",
  "gitHubOrg": "wixtoolset",
  "gitHubRepoName": "wix4",
  "transcriptFileName": "",
  "publishDate": "2021-6-01",
  "loadIssues": false,
  "issueLabel": "",
  "projectOwners": [
    {
      "name": "Rob Mensching",
      "url": "https://github.com/robmen"
    },
    {
      "name": "Bob Arnson",
      "url": "https://github.com/barnson"
    },
    {
      "name": "Sean Hall",
      "url": "https://github.com/rseanhall"
    }
  ],
  "youtubeUrl": "https://www.youtube.com/embed/qzapPthJBQM",
  "projectDescription": "The WiX Toolset is the most powerful set of tools available to create your Windows installation experience. The tools integrate seamlessly into your standard development (CI/CD) practices with text based source code, command-line tools and MSBuild/Visual Studio integration to create installation packages for your Windows software. The WiX Toolset was Microsoft's first Open Source project released in 2004 and is now a member of the .NET Foundation and supported commercially by FireGiant.",
  "contributors": [
    {
      "name": "Jacob Hoover",
      "url": "https://github.com/jchoover"
    }
  ],
  "githubRepo": "https://github.com/wixtoolset/",
  "projectWebsite": "https://wixtoolset.org/",
  "documentationUrl": "https://wixtoolset.org/documentation/",
  "communityUrl": "https://github.com/wixtoolset/",
  "contributionUrl": "https://wixtoolset.org/development/"
}
