﻿<?xml version="1.0" encoding="utf-8" standalone="yes"?>
<item_view_root>
  <![CDATA[item_search only char,varchar,nvarchar type]]>
  <item_search_list> 
 	 <column>module_name</column>
 	</item_search_list>
  <item_view_list>
    <view_table>
      <column>module_name</column>
      <column>module_load_type</column>
      <column>module_category</column>
    </view_table>
    <view_more>
      <menu_name>menu_name</menu_name>
      <column>module_active</column>
      <column>module_category</column>
      <column>module_directory_path</column>
      <column>module_id</column>
      <column>module_load_type</column>
      <column>module_name</column>
      <column>module_physical_name</column>
      <column>module_physical_path</column>
      <column>module_use_elanat</column>
      <column>module_use_fetch</column>
      <column>module_use_item</column>
      <column>module_use_language</column>
      <column>module_use_module</column>
      <column>module_use_plugin</column>
      <column>module_use_replace_part</column>
      <column>module_cache_duration</column>
      <column>module_cache_parameters</column>
      <column>module_public_access_add</column>
      <column>module_public_access_delete_all</column>
      <column>module_public_access_delete_own</column>
      <column>module_public_access_edit_all</column>
      <column>module_public_access_edit_own</column>
      <column>module_public_access_show</column>
      <column>module_sort_index</column>
    </view_more>
  </item_view_list>
</item_view_root>