﻿<?xml version="1.0" encoding="utf-8" standalone="yes"?>
<!-- Note: protection type : start_by, end_by, exist, regex -->
<protection_root>
  <protection_list>

    <protection match_type="start_by" path="/Web.config" />
    <protection match_type="start_by" path="/action" />
    <protection match_type="start_by" path="/add_on" />
    <protection match_type="start_by" path="/App_Data" />
    <protection match_type="start_by" path="/backup" />
    <protection match_type="start_by" path="/database" />
    <protection match_type="start_by" path="/bin" />
    <protection match_type="start_by" path="/language" />
    
  </protection_list>
</protection_root>