<?xml version="1.0" encoding="UTF-8" standalone="yes"?>
<site_catalog_root>

  <site_page_list>

    <about load_type="text" use_elanat="false" use_language="true" use_module="false" use_plugin="false" use_replace_part="false" use_fetch="false" use_item="false"/>
    <contact load_type="text" use_elanat="false" use_language="true" use_module="false" use_plugin="false" use_replace_part="false" use_fetch="false" use_item="false"/>
    <inactive_site load_type="text" use_elanat="false" use_language="true" use_module="false" use_plugin="false" use_replace_part="false" use_fetch="false" use_item="false"/>
    <privacy_policy load_type="text" use_elanat="false" use_language="true" use_module="false" use_plugin="false" use_replace_part="false" use_fetch="false" use_item="false"/>
    <terms_of_service load_type="text" use_elanat="false" use_language="true" use_module="false" use_plugin="false" use_replace_part="false" use_fetch="false" use_item="false"/>
    <user_agreement load_type="text" use_elanat="false" use_language="true" use_module="false" use_plugin="false" use_replace_part="false" use_fetch="false" use_item="false"/>

  </site_page_list>
	
</site_catalog_root>