﻿<?xml version="1.0" encoding="utf-8" standalone="yes"?>
<item_view_root>
  <![CDATA[item_search only char,varchar,nvarchar type]]>
  <item_search_list> 
 	 <column>site_global_name</column>
 	</item_search_list>
  <item_view_list>
    <view_table>
      <column>site_global_name</column>
      <column>site_name</column>
      <column>site_title</column>
    </view_table>
    <view_more>
      <column>admin_style_id</column>
      <column>admin_style_name</column>
      <column>admin_template_id</column>
      <column>admin_template_name</column>
      <column>language_global_name</column>
      <column>language_id</column>
      <column>language_name</column>
      <column>page_global_name</column>
      <column>page_id</column>
      <column>page_name</column>
      <column>site_active</column>
      <column>site_address</column>
      <column>site_calendar</column>
      <column>site_classification_meta</column>
      <column>site_date_create</column>
      <column>site_date_format</column>
      <column>site_description_meta</column>
      <column>site_email</column>
      <column>site_first_day_of_week</column>
      <column>site_global_name</column>
      <column>site_id</column>
      <column>site_keywords_meta</column>
      <column>site_rights_meta</column>
      <column>site_name</column>
      <column>site_other_info</column>
      <column>site_phone_number</column>
      <column>site_public_access_show</column>
      <column>site_revisit_after_meta</column>
      <column>site_rights_meta</column>
      <column>site_show_link_in_site</column>
      <column>site_site_activities</column>
      <column>site_slogan_name</column>
      <column>site_static_head</column>
      <column>site_style_id</column>
      <column>site_style_name</column>
      <column>site_template_id</column>
      <column>site_template_name</column>
      <column>site_time_create</column>
      <column>site_time_format</column>
      <column>site_time_zone</column>
      <column>site_title</column>
      <column>site_use_classification_meta</column>
      <column>site_use_description_meta</column>
      <column>site_use_keywords_meta</column>
      <column>site_use_revisit_after_meta</column>
      <column>site_use_rights_meta</column>
      <column>site_visit</column>
    </view_more>
  </item_view_list>
</item_view_root>