<?xml version="1.0" encoding="UTF-8" standalone="yes"?>
<component_catalog_root>

  <component_name value="attachment" />

  <component_category value="file_and_directory" />

  <component_author value="Elanat" />

  <component_directory_path value="attachment" />

  <component_physical_name value="Default.aspx" />
  
  <component_replace use_language="false" use_replace_part="false" use_module="false" use_plugin="false" use_elanat="false" use_item="false" use_fetch="false"  />

  <component_cache_parameters>search,page,column_name,is_desc</component_cache_parameters>

  <component_version_support>
    <version value="2.0.0.0" />
  </component_version_support>

  <component_author_website>

  </component_author_website>

  <component_best_load_status value="iframe" />

  <component_version value="2.0.0.0" />

  <component_release_date value="2023/08/31"/>

  <component_info>

  </component_info>

  <component_license>

  </component_license>

  <component_static_head>

  </component_static_head>

  <component_load_tag>

  </component_load_tag>

  <component_install_path value="" />

  <component_uninstall_path value="" />

    <component_add_access_path>
      <path type="url" start_by="false" exist="true" end_by="false" regex_match="false" active="true">
		    <path_value>btn_AddAttachment=</path_value>
      </path>
      <path type="form" start_by="false" exist="true" end_by="false" regex_match="false" active="true">
		    <path_value>btn_AddAttachment=</path_value>
      </path>
    </component_add_access_path>
	
    <component_edit_own_access_path>
      <path type="url" start_by="true" exist="false" end_by="false" regex_match="false" active="true">
        <path_value>/action/ActiveAttachment.aspx</path_value>
        <load_value_check check_type="page">$_asp add_on_path;/action/IsUserAttachment.aspx</load_value_check>
        <parameter_send_list>
          <parameter type="query_string" name="" new_name=""></parameter>
        </parameter_send_list>
      </path>
      <path type="url" start_by="true" exist="false" end_by="false" regex_match="false" active="true">
        <path_value>/action/EditAttachment.aspx</path_value>
        <load_value_check check_type="page">$_asp add_on_path;/action/IsUserAttachment.aspx</load_value_check>
        <parameter_send_list>
          <parameter type="query_string" name="" new_name=""></parameter>
        </parameter_send_list>
      </path>
      <path type="url" start_by="true" exist="false" end_by="false" regex_match="false" active="true">
        <path_value>/action/InactiveAttachment.aspx</path_value>
        <load_value_check check_type="page">$_asp add_on_path;/action/IsUserAttachment.aspx</load_value_check>
        <parameter_send_list>
          <parameter type="query_string" name="" new_name=""></parameter>
        </parameter_send_list>
      </path>
    </component_edit_own_access_path>
	
    <component_edit_all_access_path>
      <path type="url" start_by="true" exist="false" end_by="false" regex_match="false" active="true">
		    <path_value>/action/ActiveAttachment.aspx</path_value>
      </path>
      <path type="url" start_by="true" exist="false" end_by="false" regex_match="false" active="true">
        <path_value>/action/EditAttachment.aspx</path_value>
      </path>
      <path type="url" start_by="true" exist="false" end_by="false" regex_match="false" active="true">
        <path_value>/action/InactiveAttachment.aspx</path_value>
      </path>
      <path type="url" start_by="true" exist="false" end_by="false" regex_match="false" active="true">
        <path_value>catalog.xml</path_value>
      </path>
      <path type="url" start_by="true" exist="false" end_by="false" regex_match="false" active="true">
        <path_value>/language</path_value>
      </path>
    </component_edit_all_access_path>

    <component_delete_own_access_path>
      <path type="url" start_by="true" exist="false" end_by="false" regex_match="false" active="true">
		    <path_value>/action/DeleteAttachment.aspx</path_value>
		    <load_value_check check_type="page">$_asp add_on_path;/action/IsUserAttachment.aspx</load_value_check>
		    <parameter_send_list>
          <parameter type="query_string" name="" new_name=""></parameter>
		    </parameter_send_list>
      </path>
    </component_delete_own_access_path>
	
    <component_delete_all_access_path>
      <path type="url" start_by="true" exist="false" end_by="false" regex_match="false" active="true">
		    <path_value>/action/DeleteAttachment.aspx</path_value>
      </path>
    </component_delete_all_access_path>

  </component_catalog_root>