﻿{
  "url": "https://api.github.com/gists/d78697d28e600d8fc088d6b66f4e4895",
  "forks_url": "https://api.github.com/gists/d78697d28e600d8fc088d6b66f4e4895/forks",
  "commits_url": "https://api.github.com/gists/d78697d28e600d8fc088d6b66f4e4895/commits",
  "id": "d78697d28e600d8fc088d6b66f4e4895",
  "git_pull_url": "https://gist.github.com/d78697d28e600d8fc088d6b66f4e4895.git",
  "git_push_url": "https://gist.github.com/d78697d28e600d8fc088d6b66f4e4895.git",
  "html_url": "https://gist.github.com/d78697d28e600d8fc088d6b66f4e4895",
  "files": {
    "file1.txt": {
      "filename": "file1.txt",
      "type": "text/plain",
      "language": "Text",
      "raw_url": "https://gist.githubusercontent.com/anonymous/d78697d28e600d8fc088d6b66f4e4895/raw/b087a4c57f47ffad4025004869d7366ddc82d0d1/file1.txt",
      "size": 20,
      "truncated": false,
      "content": "String file contents"
    }
  },
  "public": true,
  "created_at": "2016-12-11T04:59:01Z",
  "updated_at": "2016-12-11T04:59:01Z",
  "description": "the description for this gist",
  "comments": 0,
  "user": null,
  "comments_url": "https://api.github.com/gists/d78697d28e600d8fc088d6b66f4e4895/comments",
  "forks": [],
  "history": [
    {
      "user": {
        "login": "invalid-email-address",
        "id": 148100,
        "avatar_url": "https://avatars.githubusercontent.com/u/148100?v=3",
        "gravatar_id": "",
        "url": "https://api.github.com/users/invalid-email-address",
        "html_url": "https://github.com/invalid-email-address",
        "followers_url": "https://api.github.com/users/invalid-email-address/followers",
        "following_url": "https://api.github.com/users/invalid-email-address/following{/other_user}",
        "gists_url": "https://api.github.com/users/invalid-email-address/gists{/gist_id}",
        "starred_url": "https://api.github.com/users/invalid-email-address/starred{/owner}{/repo}",
        "subscriptions_url": "https://api.github.com/users/invalid-email-address/subscriptions",
        "organizations_url": "https://api.github.com/users/invalid-email-address/orgs",
        "repos_url": "https://api.github.com/users/invalid-email-address/repos",
        "events_url": "https://api.github.com/users/invalid-email-address/events{/privacy}",
        "received_events_url": "https://api.github.com/users/invalid-email-address/received_events",
        "type": "User",
        "site_admin": false
      },
      "version": "76a4b37d89d18d5d31eafeb8f93fc0948e45c199",
      "committed_at": "2016-12-11T04:59:01Z",
      "change_status": {
        "total": 1,
        "additions": 1,
        "deletions": 0
      },
      "url": "https://api.github.com/gists/d78697d28e600d8fc088d6b66f4e4895/76a4b37d89d18d5d31eafeb8f93fc0948e45c199"
    }
  ],
  "truncated": false
}

