﻿<?xml version="1.0" encoding="utf-8" standalone="yes"?>
<view_data_root>
  <view_data_list>
    <hide_header_bar_part active="false" value="" />  
    <hide_header_part active="false" value="" />  
    <hide_menu_part active="false" value="" />  
    <hide_main_part active="false" value="" />  
    <hide_footer_part active="false" value="" />  
    <hide_footer_bar_part active="false" value="" />  
    <header_bar_part_background_color active="false" value="" />  
    <header_part_background_color active="false" value="" />  
    <menu_part_background_color active="false" value="" />  
    <main_part_background_color active="false" value="" />  
    <footer_part_background_color active="false" value="" />  
    <header_bar_part_text_size active="false" value="" />  
    <header_part_text_size active="false" value="" />  
    <menu_part_text_size active="false" value="" />  
    <main_part_text_size active="false" value="" />  
    <footer_part_text_size active="false" value="" />  
    <footer_bar_part_text_size active="false" value="" />  
    <footer_bar_part_background_color active="false" value="" />  
    <header_bar_part_text_color active="false" value="" />  
    <header_part_text_color active="false" value="" />  
    <menu_part_text_color active="false" value="" />  
    <main_part_text_color active="false" value="" />  
    <footer_part_text_color active="false" value="" />  
    <footer_bar_part_text_color active="false" value="" />  
    <hide_site_name active="false" value="" />  
    <hide_site_slogan_name active="false" value="" />  
    <hide_title_in_content active="false" value="" />  
    <hide_author_name_in_content active="false" value="" />  
    <hide_author_avatar_in_content active="false" value="" />  
    <hide_content_number_in_content active="false" value="" />  
    <hide_date_in_content active="false" value="" />  
    <hide_time_in_content active="false" value="" />  
    <hide_category_in_content active="false" value="" />  
    <hide_content_visit_in_content active="false" value="" />  
    <author_name_text_size active="false" value="" />  
    <content_number_text_size active="false" value="" />  
    <content_date_text_size active="false" value="" />  
    <content_time_text_size active="false" value="" />  
    <content_category_text_size active="false" value="" />  
    <content_content_visit_text_size active="false" value="" />  
    <author_name_text_color active="false" value="" />  
    <content_number_text_color active="false" value="" />  
    <content_date_text_color active="false" value="" />  
    <content_time_text_color active="false" value="" />  
    <content_category_text_color active="false" value="" />  
    <content_content_visit_text_color active="false" value="" />  
    <author_name_background_color active="false" value="" />  
    <author_avatar_background_color active="false" value="" />  
    <content_number_background_color active="false" value="" />  
    <content_date_background_color active="false" value="" />  
    <content_time_background_color active="false" value="" />  
    <content_category_background_color active="false" value="" />  
    <content_content_visit_background_color active="false" value="" />  
    <site_name_text_size active="false" value="" />  
    <site_slogan_name_text_size active="false" value="" />  
    <content_title_text_size active="false" value="" />  
    <content_text_size active="false" value="" />  
    <site_name_text_color active="false" value="" />  
    <site_slogan_name_text_color active="false" value="" />  
    <content_title_text_color active="false" value="" />  
    <content_text_text_color active="false" value="" />  
    <site_name_background_color active="false" value="" />  
    <site_slogan_name_background_color active="false" value="" />  
    <content_title_background_color active="false" value="" />  
    <content_text_background_color active="false" value="" />  
    <content_header_background_color active="false" value="" />  
    <body_background_color active="false" value="" />  
    <body_text_color active="false" value="" />  
    <body_text_size active="false" value="" />  
    <common_light_background_color active="false" value="" />  
    <common_light_background_color active="false" value="" />  
    <common_middle_background_color active="false" value="" />  
    <common_middle_text_color active="false" value="" />  
    <common_dark_background_color active="false" value="" />  
    <common_dark_text_color active="false" value="" />  
    <natural_light_background_color active="false" value="" />  
    <natural_light_text_color active="false" value="" />  
    <natural_middle_background_color active="false" value="" />  
    <natural_middle_text_color active="false" value="" />  
    <natural_dark_background_color active="false" value="" />  
    <natural_dark_text_color active="false" value="" />  
    <hide_header_bar_left_location active="false" value="" />  
    <hide_header_bar_right_location active="false" value="" />  
    <hide_header_bar_box_location active="false" value="" />  
    <hide_header_menu_location active="false" value="" />  
    <hide_header_1_location active="false" value="" />  
    <hide_header_2_location active="false" value="" />  
    <hide_menu_location active="false" value="" />  
    <hide_after_header_location active="false" value="" />  
    <hide_before_content_location active="false" value="" />  
    <hide_after_content_location active="false" value="" />  
    <hide_right_menu_location active="false" value="" />  
    <hide_left_menu_location active="false" value="" />  
    <hide_before_footer_location active="false" value="" />  
    <hide_footer_menu_location active="false" value="" />  
    <hide_footer_1_location active="false" value="" />  
    <hide_footer_2_location active="false" value="" />  
    <hide_footer_bar_left_location active="false" value="" />  
    <hide_footer_bar_right_location active="false" value="" />  
    <hide_footer_bar_box_location active="false" value="" />  
    <header_bar_left_location_text_size active="false" value="" />  
    <header_bar_right_location_text_size active="false" value="" />  
    <header_bar_box_location_text_size active="false" value="" />  
    <header_menu_location_text_size active="false" value="" />  
    <header_1_location_text_size active="false" value="" />  
    <header_2_location_text_size active="false" value="" />  
    <menu_location_text_size active="false" value="" />  
    <after_header_location_text_size active="false" value="" />  
    <before_content_location_text_size active="false" value="" />  
    <after_content_location_text_size active="false" value="" />  
    <right_menu_location_text_size active="false" value="" />  
    <left_menu_location_text_size active="false" value="" />  
    <before_footer_location_text_size active="false" value="" />  
    <footer_menu_location_text_size active="false" value="" />  
    <footer_1_location_text_size active="false" value="" />  
    <footer_2_location_text_size active="false" value="" />  
    <footer_bar_left_location_text_size active="false" value="" />  
    <footer_bar_right_location_text_size active="false" value="" />  
    <footer_bar_box_location_text_size active="false" value="" />  
    <header_bar_left_location_background_color active="false" value="" />  
    <header_bar_right_location_background_color active="false" value="" />  
    <header_bar_box_location_background_color active="false" value="" />  
    <header_menu_location_background_color active="false" value="" />  
    <header_1_location_background_color active="false" value="" />  
    <header_2_location_background_color active="false" value="" />  
    <menu_location_background_color active="false" value="" />  
    <after_header_location_background_color active="false" value="" />  
    <before_content_location_background_color active="false" value="" />  
    <after_content_location_background_color active="false" value="" />  
    <right_menu_location_background_color active="false" value="" />  
    <left_menu_location_background_color active="false" value="" />  
    <before_footer_location_background_color active="false" value="" />  
    <footer_menu_location_background_color active="false" value="" />  
    <footer_1_location_background_color active="false" value="" />  
    <footer_2_location_background_color active="false" value="" />  
    <footer_bar_left_location_background_color active="false" value="" />  
    <footer_bar_right_location_background_color active="false" value="" />  
    <footer_bar_box_location_background_color active="false" value="" /> 
    <header_bar_left_location_text_color active="false" value="" />  
    <header_bar_right_location_text_color active="false" value="" />  
    <header_bar_box_location_text_color active="false" value="" />  
    <header_menu_location_text_color active="false" value="" />  
    <header_1_location_text_color active="false" value="" />  
    <header_2_location_text_color active="false" value="" />  
    <menu_location_text_color active="false" value="" />  
    <after_header_location_text_color active="false" value="" />  
    <before_content_location_text_color active="false" value="" />  
    <after_content_location_text_color active="false" value="" />  
    <right_menu_location_text_color active="false" value="" />  
    <left_menu_location_text_color active="false" value="" />  
    <before_footer_location_text_color active="false" value="" />  
    <footer_menu_location_text_color active="false" value="" />  
    <footer_1_location_text_color active="false" value="" />  
    <footer_2_location_text_color active="false" value="" />  
    <footer_bar_left_location_text_color active="false" value="" />  
    <footer_bar_right_location_text_color active="false" value="" />  
    <footer_bar_box_location_text_color active="false" value="" /> 
  </view_data_list>
</view_data_root>