﻿<items>   
  <item name="ABS" args="EXP"></item>
  <item name="ACOS" args="EXP"></item>
  <item name="ADDDATE" args="DATE,NUMBER"></item>
  <item name="ADDTIME" args="DATE,TIME"></item>
  <item name="ASCII" args="EXP"></item>
  <item name="ASIN" args="EXP"></item>
  <item name="ATAN" args="EXP"></item>
  <item name="ATAN2" args="EXP"></item>
  <item name="AVG" args="EXP"></item>
  <item name="BIN" args="EXP"></item>
  <item name="BINARY" args="EXP"></item> 
  <item name="CAST" args="EXP AS TYPE" delimiter="AS"></item>
  <item name="CEIL" args="EXP"></item>
  <item name="CEILING" args="EXP"></item>
  <item name="CHAR" args="NUMBER" isString="true"></item>
  <item name="CHAR_LENGTH" args="EXP"></item>
  <item name="CHARACTER_LENGTH" args=""></item>
  <item name="COALESCE" args="EXP,DEFAULT,..." isCheck="true"></item>
  <item name="CONCAT" args="EXP1,EXP2,..." isString="true"></item>
  <item name="CONCAT_WS" args="SEPARATOR,EXP1,EXP2,..." isString="true"></item>
  <item name="CONNECTION_ID" args=""></item>
  <item name="CONV" args="EXP,FROM,TO"></item>
  <item name="CONVERT" args="EXP,TYPE"></item>
  <item name="COS" args="EXP"></item>
  <item name="COT" args="EXP"></item>
  <item name="COUNT" args="EXP"></item>
  <item name="CURDATE" args=""></item>
  <item name="CURRENT_DATE" args=""></item>
  <item name="CURRENT_TIME" args=""></item>
  <item name="CURRENT_TIMESTAMP" args=""></item>
  <item name="CURRENT_USER" args="" isString="true"></item>
  <item name="CURTIME" args=""></item>
  <item name="DATABASE" args="" isString="true"></item>
  <item name="DATE" args="EXP"></item>
  <item name="DATE_ADD" args="DATE,INTERVAL NUMBER UNIT"></item>
  <item name="DATE_FORMAT" args="DATE,FORMAT"></item>
  <item name="DATE_SUB" args="DATE,INTERVAL NUMBER UNIT"></item>
  <item name="DATEDIFF" args="DATE1,DATE2"></item>
  <item name="DAY" args="DATE"></item>
  <item name="DAYNAME" args="DATE" isString="true"></item>
  <item name="DAYOFMONTH" args="DATE"></item>
  <item name="DAYOFWEEK" args="DATE"></item>
  <item name="DAYOFYEAR" args="DATE"></item>
  <item name="DEGREES" args="EXP"></item>
  <!--<item name="DIV" args=""></item>-->
  <item name="ENCRYPT" args="EXP[,SALT]"></item>
  <item name="EXP" args="EXP"></item>
  <item name="EXTRACT" args="UNIT FROM DATE" delimiter=" "></item>
  <item name="FIELD" args="SEARCH,EXP1,EXP2,..."></item>
  <item name="FIND_IN_SET" args="SEARCH,EXP"></item>
  <item name="FLOOR" args="EXP"></item>
  <item name="FORMAT" args="EXP,DECIMAL" isString="true"></item>
  <item name="FROM_DAYS" args="EXP"></item>
  <item name="GREATEST" args="EXP1,EXP2,..."></item>
  <item name="HOUR" args="DATE"></item>
  <item name="IF" args="EXP,TRUE_VALUE,FALSE_VALUE"></item>
  <item name="IFNULL" args="EXP,DEFAULT" isCheck="true"></item>
  <item name="INSERT" args="EXP,START,LENGTH,VALUE" isString="true"></item>
  <item name="INSTR" args="EXP,SEARCH" isString="true"></item>
  <item name="ISNULL" args="EXP"></item>
  <item name="LAST_DAY" args="DATE"></item>
  <item name="LAST_INSERT_ID" args=""></item>
  <item name="LCASE" args="EXP" isString="true"></item>
  <item name="LEAST" args="EXP1,EXP2,..."></item>
  <item name="LEFT" args="EXP,LENGTH" isString="true"></item>
  <item name="LENGTH" args="EXP"></item>
  <item name="LN" args="EXP"></item>
  <item name="LOCALTIME" args="" ></item>
  <item name="LOCALTIMESTAMP" args=""></item>
  <item name="LOCATE" args="SEARCH,EXP[,START]"></item>
  <item name="LOG" args="EXP"></item>
  <item name="LOG10" args="EXP"></item>
  <item name="LOG2" args="EXP"></item>
  <item name="LOWER" args="EXP" isString="true"></item>
  <item name="LPAD" args="EXP,LENGTH,PAD" isString="true"></item>
  <item name="LTRIM" args="EXP" isString="true"></item>
  <item name="MAKEDATE" args="YEAR,DAY_OF_YEAR"></item>
  <item name="MAKETIME" args="HOUR,MINUTE,SECONDS"></item>
  <item name="MAX" args="EXP"></item>
  <item name="MD5" args="EXP"></item>
  <item name="MICROSECOND" args="DATE"></item>
  <item name="MID" args="EXP,START,LENGTH"></item>
  <item name="MIN" args="EXP"></item>
  <item name="MINUTE" args="DATE"></item>
  <item name="MOD" args="EXP1,EXP2"></item>
  <item name="MONTH" args="DATE"></item>
  <item name="MONTHNAME" args="DATE" isString="true"></item>
  <item name="NOW" args=""></item>
  <item name="NULLIF" args="EXP,DEFAULT"></item>
  <item name="OLD_PASSWORD" args="EXP"></item>
  <item name="PASSWORD" args="EXP"></item>
  <item name="PERIOD_ADD" args="EXP,NUMBER"></item>
  <item name="PERIOD_DIFF" args="EXP1,EXP2"></item>
  <item name="PI" args=""></item>
  <item name="POSITION" args="SEARCH IN EXP" delimiter="IN"></item>
  <item name="POW" args="EXP,Y"></item>
  <item name="POWER" args="EXP,Y"></item>
  <item name="QUARTER" args="DATE"></item>
  <item name="RADIANS" args="EXP"></item>
  <item name="RAND" args="EXP"></item>
  <item name="REPEAT" args="EXP,TIMES" isString="true"></item> 
  <item name="REPLACE" args="EXP,OLD,NEW" isString="true"></item>
  <item name="REVERSE" args="EXP" isString="true"></item>
  <item name="RIGHT" args="EXP,LENGTH"></item>
  <item name="ROUND" args="EXP,DECIMAL"></item>
  <item name="ROW_NUMBER" args=""></item>
  <item name="RPAD" args="EXP,LENGTH,PAD" isString="true"></item>
  <item name="RTRIM" args="EXP" isString="true"></item>
  <item name="SEC_TO_TIME" args="SECONDS"></item>
  <item name="SECOND" args="DATE"></item>
  <item name="SESSION_USER" args="" isString="true"></item>
  <item name="SIGN" args="EXP"></item>
  <item name="SIN" args="EXP"></item>
  <item name="SPACE" args="LENGTH"></item>
  <item name="SQRT" args="EXP"></item>
  <!--<item name="STDDEV" args="[ALL|DISTINCT] EXP"></item>-->
  <item name="STR_TO_DATE" args="EXP,FORMAT"></item>
  <item name="STRCMP" args="EXP1,EXP2"></item>
  <item name="SUBDATE" args="DATE,INTERVAL NUMBER UNIT"></item>
  <item name="SUBSTR" args="EXP,START[,LENGTH]" isString="true"></item>
  <item name="SUBSTRING" args="EXP,START[,LENGTH]" isString="true"></item>
  <item name="SUBSTRING_INDEX" args="EXP,DELIMITER,NUMBER"></item>
  <item name="SUBTIME" args="DATE,TIME"></item>
  <item name="SUM" args="EXP"></item>
  <item name="SYSDATE" args=""></item>
  <item name="SYSTEM_USER" args="" isString="true"></item>
  <item name="TAN" args="EXP"></item>
  <item name="TIME" args="EXP"></item>
  <item name="TIME_FORMAT" args="TIME,FORMAT"></item>
  <item name="TIME_TO_SEC" args="TIME"></item>
  <item name="TIMEDIFF" args="TIME1,TIME2"></item>
  <item name="TIMESTAMP" args="EXP[,NUMBER]"></item>
  <item name="TIMESTAMPDIFF" args="UNIT,DATE1,DATE2"></item>
  <item name="TO_DAYS" args="DATE"></item>
  <item name="TRIM" args="EXP" isString="true"></item>
  <item name="TRUNCATE" args="EXP,DECIMAL"></item>
  <item name="UCASE" args="EXP" isString="true"></item>
  <item name="UPPER" args="EXP" isString="true"></item>
  <item name="USER" args=""></item>
  <item name="UTC_DATE" args=""></item>
  <item name="UTC_TIMESTAMP" args=""></item>
  <item name="UUID" args=""></item>
  <item name="VERSION" args=""></item>
  <item name="WEEK" args="DATE[,MODE]"></item>
  <item name="WEEKDAY" args="DATE"></item>
  <item name="WEEKOFYEAR" args="DATE"></item>
  <item name="YEAR" args="DATE"></item>
  <item name="YEARWEEK" args="DATE[,MODE]"></item>
</items>
