{
  "title": "Markdown Monster",
  "owner": "West Wind Technologies",
  "baseUrl": "http://markdownmonster.west-wind.com/docs/",
  "language": "en-US",
  "menu": [
    {
      "title": "Docs Home",
      "link": "/"
    },
    {
      "title": "Markdown Monster",
      "link": "https://markdownmonster.west-wind.com"
    }
  ],
  "topics": [
    {
      "id": "INDEX",
      "title": "Markdown Monster Documentation",
      "slug": "Markdown-Monster-Documentation",
      "link": "Markdown-Monster-Documentation.md",
      "displayType": "index",
      "type": "markdown",
      "keywords": "",
      "seeAlso": "",
      "remarks": "",
      "example": "",
      "sortOrder": 80,
      "isExpanded": true,
      "helpId": "2",
      "classInfo": {
        "assembly": "",
        "contract": "",
        "exceptions": ""
      },
      "topics": [
        {
          "id": "_4NE1EU2CQ",
          "parentId": "INDEX",
          "title": "An Introduction to Markdown",
          "slug": "Markdown-Monster-Documentation/An-Introduction-to-Markdown",
          "link": "Markdown-Monster-Documentation/An-Introduction-to-Markdown.md",
          "displayType": "topic",
          "type": "markdown",
          "keywords": "",
          "seeAlso": "",
          "remarks": "",
          "example": "",
          "sortOrder": 40,
          "helpId": "10",
          "classInfo": {
            "assembly": "",
            "contract": "",
            "exceptions": ""
          }
        },
        {
          "id": "_4S0144W3G",
          "parentId": "INDEX",
          "title": "Support",
          "slug": "Markdown-Monster-Documentation/Support",
          "link": "Markdown-Monster-Documentation/Support.md",
          "displayType": "topic",
          "type": "markdown",
          "keywords": "",
          "seeAlso": "",
          "remarks": "",
          "example": "",
          "sortOrder": 30,
          "helpId": "366",
          "classInfo": {
            "assembly": "",
            "contract": "",
            "exceptions": ""
          }
        },
        {
          "id": "_4S014ECHA",
          "parentId": "INDEX",
          "title": "License",
          "slug": "Markdown-Monster-Documentation/License",
          "link": "Markdown-Monster-Documentation/License.md",
          "displayType": "topic",
          "type": "markdown",
          "keywords": "",
          "seeAlso": "",
          "remarks": "",
          "example": "",
          "sortOrder": 20,
          "helpId": "367",
          "classInfo": {
            "assembly": "",
            "contract": "",
            "exceptions": ""
          }
        },
        {
          "id": "_4T90RHFY9",
          "parentId": "INDEX",
          "title": "Portable Version",
          "slug": "Markdown-Monster-Documentation/Portable-Version",
          "link": "Markdown-Monster-Documentation/Portable-Version.md",
          "displayType": "topic",
          "type": "markdown",
          "keywords": "",
          "seeAlso": "",
          "remarks": "",
          "example": "",
          "sortOrder": 10,
          "helpId": "375",
          "classInfo": {
            "assembly": "",
            "contract": "",
            "exceptions": ""
          }
        },
        {
          "id": "_4UG0N96NS",
          "parentId": "INDEX",
          "title": "What's New",
          "slug": "Markdown-Monster-Documentation/Whats-New",
          "link": "Markdown-Monster-Documentation/Whats-New.md",
          "displayType": "topic",
          "type": "markdown",
          "keywords": "",
          "seeAlso": "",
          "remarks": "",
          "example": "",
          "isLink": true,
          "sortOrder": 50,
          "helpId": "1124",
          "classInfo": {
            "assembly": "",
            "contract": "",
            "exceptions": ""
          }
        }
      ]
    },
    {
      "id": "_4RD0XIGYS",
      "title": "Features",
      "slug": "Features",
      "link": "Features.md",
      "displayType": "header",
      "type": "markdown",
      "keywords": "",
      "seeAlso": "",
      "remarks": "",
      "example": "",
      "sortOrder": 70,
      "isExpanded": true,
      "helpId": "356",
      "classInfo": {
        "assembly": "",
        "contract": "",
        "exceptions": ""
      },
      "topics": [
        {
          "id": "_4NI0V22AD",
          "parentId": "_4RD0XIGYS",
          "title": "Working with the HTML Preview",
          "slug": "Features/Working-with-the-HTML-Preview",
          "link": "Features/Working-with-the-HTML-Preview.md",
          "displayType": "topic",
          "type": "markdown",
          "keywords": "",
          "seeAlso": "",
          "remarks": "",
          "example": "",
          "sortOrder": 150,
          "helpId": "349",
          "classInfo": {
            "assembly": "",
            "contract": "",
            "exceptions": ""
          }
        },
        {
          "id": "_4NJ0WBOMY",
          "parentId": "_4RD0XIGYS",
          "title": "Screen Captures",
          "slug": "Features/Screen-Captures",
          "link": "Features/Screen-Captures.md",
          "displayType": "topic",
          "type": "markdown",
          "keywords": "",
          "seeAlso": "",
          "remarks": "",
          "example": "",
          "sortOrder": 50,
          "helpId": "350",
          "classInfo": {
            "assembly": "",
            "contract": "",
            "exceptions": ""
          }
        },
        {
          "id": "_4RD0XJY44",
          "parentId": "_4RD0XIGYS",
          "title": "Editor Hotkeys",
          "slug": "Features/Editor-Hotkeys",
          "link": "Features/Editor-Hotkeys.md",
          "displayType": "topic",
          "type": "markdown",
          "keywords": "",
          "seeAlso": "",
          "remarks": "",
          "example": "",
          "sortOrder": 10,
          "helpId": "357",
          "classInfo": {
            "assembly": "",
            "contract": "",
            "exceptions": ""
          }
        },
        {
          "id": "_4RG0MZ918",
          "parentId": "_4RD0XIGYS",
          "title": "File and Folder Navigation via Tab Menu",
          "slug": "Features/File-and-Folder-Navigation-via-Tab-Menu",
          "link": "Features/File-and-Folder-Navigation-via-Tab-Menu.md",
          "displayType": "topic",
          "type": "markdown",
          "keywords": "",
          "seeAlso": "",
          "remarks": "",
          "example": "",
          "sortOrder": 70,
          "helpId": "360",
          "classInfo": {
            "assembly": "",
            "contract": "",
            "exceptions": ""
          }
        },
        {
          "id": "_4RG0WJ7PB",
          "parentId": "_4RD0XIGYS",
          "title": "Spellchecking",
          "slug": "Features/Spellchecking",
          "link": "Features/Spellchecking.md",
          "displayType": "topic",
          "type": "markdown",
          "keywords": "Spelling",
          "seeAlso": "",
          "remarks": "",
          "example": "",
          "sortOrder": 140,
          "helpId": "365",
          "classInfo": {
            "assembly": "",
            "contract": "",
            "exceptions": ""
          }
        },
        {
          "id": "_4S01EZTEQ",
          "parentId": "_4RD0XIGYS",
          "title": "Embedding Images",
          "slug": "Features/Embedding-Images",
          "link": "Features/Embedding-Images.md",
          "displayType": "topic",
          "type": "markdown",
          "keywords": "",
          "seeAlso": "",
          "remarks": "",
          "example": "",
          "sortOrder": 130,
          "helpId": "368",
          "classInfo": {
            "assembly": "",
            "contract": "",
            "exceptions": ""
          }
        },
        {
          "id": "_4UE01XL6Q",
          "parentId": "_4RD0XIGYS",
          "title": "Embedding FontAwesome Icons",
          "slug": "Features/Embedding-FontAwesome-Icons",
          "link": "Features/Embedding-FontAwesome-Icons.md",
          "displayType": "topic",
          "type": "markdown",
          "keywords": "",
          "seeAlso": "",
          "remarks": "",
          "example": "",
          "sortOrder": 100,
          "helpId": "1123",
          "classInfo": {
            "assembly": "",
            "contract": "",
            "exceptions": ""
          }
        },
        {
          "id": "_4WU1CJYKA",
          "parentId": "_4RD0XIGYS",
          "title": "The Folder Browser",
          "slug": "Features/The-Folder-Browser",
          "link": "Features/The-Folder-Browser.md",
          "displayType": "topic",
          "type": "markdown",
          "keywords": "",
          "seeAlso": "",
          "remarks": "",
          "example": "",
          "sortOrder": 80,
          "helpId": "1965",
          "classInfo": {
            "assembly": "",
            "contract": "",
            "exceptions": ""
          }
        },
        {
          "id": "_4XP0YYGT2",
          "parentId": "_4RD0XIGYS",
          "title": "Git Integration",
          "slug": "Features/Git-Integration",
          "link": "Features/Git-Integration.md",
          "displayType": "topic",
          "type": "markdown",
          "keywords": "Git",
          "seeAlso": "",
          "remarks": "",
          "example": "",
          "sortOrder": 40,
          "isExpanded": true,
          "helpId": "1969",
          "classInfo": {
            "assembly": "",
            "contract": "",
            "exceptions": ""
          }
        },
        {
          "id": "_4XS10GAUI",
          "parentId": "_4RD0XIGYS",
          "title": "Embedding Links",
          "slug": "Features/Embedding-Links",
          "link": "Features/Embedding-Links.md",
          "displayType": "topic",
          "type": "markdown",
          "keywords": "Links",
          "seeAlso": "",
          "remarks": "",
          "example": "",
          "sortOrder": 120,
          "helpId": "2971",
          "classInfo": {
            "assembly": "",
            "contract": "",
            "exceptions": ""
          }
        },
        {
          "id": "_53A0PFZ0T",
          "parentId": "_4RD0XIGYS",
          "title": "Embedding Tables",
          "slug": "Features/Embedding-Tables",
          "link": "Features/Embedding-Tables.md",
          "displayType": "topic",
          "type": "markdown",
          "keywords": "",
          "seeAlso": "",
          "remarks": "",
          "example": "",
          "sortOrder": 90,
          "helpId": "5206",
          "classInfo": {
            "assembly": "",
            "contract": "",
            "exceptions": ""
          }
        },
        {
          "id": "_53E0PNHEA",
          "parentId": "_4RD0XIGYS",
          "title": "Embedding Code Snippets",
          "slug": "Features/Embedding-Code-Snippets",
          "link": "Features/Embedding-Code-Snippets.md",
          "displayType": "topic",
          "type": "markdown",
          "keywords": "",
          "seeAlso": "",
          "remarks": "",
          "example": "",
          "sortOrder": 110,
          "helpId": "5209",
          "classInfo": {
            "assembly": "",
            "contract": "",
            "exceptions": ""
          }
        },
        {
          "id": "_55O1BD4N1",
          "parentId": "_4RD0XIGYS",
          "title": "The Document Outline/Table of Content Generator",
          "slug": "Features/The-Document-OutlineTable-of-Content-Generator",
          "link": "Features/The-Document-OutlineTable-of-Content-Generator.md",
          "displayType": "topic",
          "type": "markdown",
          "keywords": "",
          "seeAlso": "",
          "remarks": "",
          "example": "",
          "sortOrder": 60,
          "helpId": "5212",
          "classInfo": {
            "assembly": "",
            "contract": "",
            "exceptions": ""
          }
        },
        {
          "id": "_5730YWRTI",
          "parentId": "_4RD0XIGYS",
          "title": "Open Markdown Documents from the Web",
          "slug": "Features/Open-Markdown-Documents-from-the-Web",
          "link": "Features/Open-Markdown-Documents-from-the-Web.md",
          "displayType": "topic",
          "type": "markdown",
          "keywords": "",
          "seeAlso": "",
          "remarks": "",
          "example": "",
          "sortOrder": 20,
          "helpId": "6629",
          "classInfo": {
            "assembly": "",
            "contract": "",
            "exceptions": ""
          }
        },
        {
          "id": "_58U0U6BNH",
          "parentId": "_4RD0XIGYS",
          "title": "Favorites",
          "slug": "Features/Favorites",
          "link": "Features/Favorites.md",
          "displayType": "topic",
          "type": "markdown",
          "keywords": "",
          "seeAlso": "",
          "remarks": "",
          "example": "",
          "sortOrder": 30,
          "helpId": "6635",
          "classInfo": {
            "assembly": "",
            "contract": "",
            "exceptions": ""
          }
        }
      ]
    },
    {
      "id": "_4XS11S2GW",
      "title": "Common Tasks",
      "slug": "Common-Tasks",
      "displayType": "header",
      "type": "markdown",
      "keywords": "",
      "seeAlso": "",
      "remarks": "",
      "example": "",
      "sortOrder": 60,
      "helpId": "2972",
      "classInfo": {
        "assembly": "",
        "contract": "",
        "exceptions": ""
      },
      "topics": [
        {
          "id": "_4NK01YQ6Q",
          "parentId": "_4XS11S2GW",
          "title": "Configuration Settings",
          "slug": "Common-Tasks/Configuration-Settings",
          "link": "Common-Tasks/Configuration-Settings.md",
          "displayType": "topic",
          "type": "markdown",
          "keywords": "",
          "seeAlso": "",
          "remarks": "",
          "example": "",
          "sortOrder": 30,
          "helpId": "352",
          "classInfo": {
            "assembly": "",
            "contract": "",
            "exceptions": ""
          }
        },
        {
          "id": "_4NK02XRTK",
          "parentId": "_4XS11S2GW",
          "title": "Import Markdown as HTML",
          "slug": "Common-Tasks/Import-Markdown-as-HTML",
          "link": "Common-Tasks/Import-Markdown-as-HTML.md",
          "displayType": "topic",
          "type": "markdown",
          "keywords": "",
          "seeAlso": "",
          "remarks": "",
          "example": "",
          "sortOrder": 110,
          "helpId": "353",
          "classInfo": {
            "assembly": "",
            "contract": "",
            "exceptions": ""
          }
        },
        {
          "id": "_4NN17BFIC",
          "parentId": "_4XS11S2GW",
          "title": "Customizing Preview Themes",
          "slug": "Common-Tasks/Customizing-Preview-Themes",
          "link": "Common-Tasks/Customizing-Preview-Themes.md",
          "displayType": "topic",
          "type": "markdown",
          "keywords": "",
          "seeAlso": "",
          "remarks": "",
          "example": "",
          "sortOrder": 80,
          "helpId": "354",
          "classInfo": {
            "assembly": "",
            "contract": "",
            "exceptions": ""
          }
        },
        {
          "id": "_4RG0MW5C2",
          "parentId": "_4XS11S2GW",
          "title": "Markdown Monster Theme Support",
          "slug": "Common-Tasks/Markdown-Monster-Theme-Support",
          "link": "Common-Tasks/Markdown-Monster-Theme-Support.md",
          "displayType": "topic",
          "type": "markdown",
          "keywords": "",
          "seeAlso": "",
          "remarks": "",
          "example": "",
          "sortOrder": 90,
          "helpId": "359",
          "classInfo": {
            "assembly": "",
            "contract": "",
            "exceptions": ""
          }
        },
        {
          "id": "_4RG0PDKJ9",
          "parentId": "_4XS11S2GW",
          "title": "Understanding Previews and Html Exports",
          "slug": "Common-Tasks/Understanding-Previews-and-Html-Exports",
          "link": "Common-Tasks/Understanding-Previews-and-Html-Exports.md",
          "displayType": "topic",
          "type": "markdown",
          "keywords": "",
          "seeAlso": "",
          "remarks": "",
          "example": "",
          "sortOrder": 150,
          "helpId": "361",
          "classInfo": {
            "assembly": "",
            "contract": "",
            "exceptions": ""
          }
        },
        {
          "id": "_4SV0NOB04",
          "parentId": "_4XS11S2GW",
          "title": "Auto-Save and Auto-Backup of Topics",
          "slug": "Common-Tasks/Auto--Save-and-Auto--Backup-of-Topics",
          "link": "Common-Tasks/Auto--Save-and-Auto--Backup-of-Topics.md",
          "displayType": "topic",
          "type": "markdown",
          "keywords": "",
          "seeAlso": "",
          "remarks": "",
          "example": "",
          "sortOrder": 60,
          "helpId": "373",
          "classInfo": {
            "assembly": "",
            "contract": "",
            "exceptions": ""
          }
        },
        {
          "id": "_4SV1EJ3ZO",
          "parentId": "_4XS11S2GW",
          "title": "Printing Html Output",
          "slug": "Common-Tasks/Printing-Html-Output",
          "link": "Common-Tasks/Printing-Html-Output.md",
          "displayType": "topic",
          "type": "markdown",
          "keywords": "",
          "seeAlso": "",
          "remarks": "",
          "example": "",
          "sortOrder": 100,
          "helpId": "374",
          "classInfo": {
            "assembly": "",
            "contract": "",
            "exceptions": ""
          }
        },
        {
          "id": "_4TI0SBX65",
          "parentId": "_4XS11S2GW",
          "title": "Vim and Emacs Keyboard Handlers",
          "slug": "Common-Tasks/Vim-and-Emacs-Keyboard-Handlers",
          "link": "Common-Tasks/Vim-and-Emacs-Keyboard-Handlers.md",
          "displayType": "topic",
          "type": "markdown",
          "keywords": "",
          "seeAlso": "",
          "remarks": "",
          "example": "",
          "sortOrder": 70,
          "helpId": "377",
          "classInfo": {
            "assembly": "",
            "contract": "",
            "exceptions": ""
          }
        },
        {
          "id": "_4U512GNGV",
          "parentId": "_4XS11S2GW",
          "title": "Printing and Generating PDF Output",
          "slug": "Common-Tasks/Printing-and-Generating-PDF-Output",
          "link": "Common-Tasks/Printing-and-Generating-PDF-Output.md",
          "displayType": "topic",
          "type": "markdown",
          "keywords": "",
          "seeAlso": "Save As PDF Dialog",
          "remarks": "",
          "example": "",
          "sortOrder": 140,
          "helpId": "379",
          "classInfo": {
            "assembly": "",
            "contract": "",
            "exceptions": ""
          }
        },
        {
          "id": "_4WN1DITB5",
          "parentId": "_4XS11S2GW",
          "title": "Editor Display Modes: Distraction Free and Presentation Mode",
          "slug": "Common-Tasks/Editor-Display-Modes-Distraction-Free-and-Presentation-Mode",
          "link": "Common-Tasks/Editor-Display-Modes-Distraction-Free-and-Presentation-Mode.md",
          "displayType": "topic",
          "type": "markdown",
          "keywords": "",
          "seeAlso": "",
          "remarks": "",
          "example": "",
          "sortOrder": 50,
          "helpId": "1963",
          "classInfo": {
            "assembly": "",
            "contract": "",
            "exceptions": ""
          }
        },
        {
          "id": "_4X20ODMU3",
          "parentId": "_4XS11S2GW",
          "title": "Sharing Configuration Settings on DropBox, OneDrive etc.",
          "slug": "Common-Tasks/Sharing-Configuration-Settings-on-DropBox-OneDrive-etc",
          "link": "Common-Tasks/Sharing-Configuration-Settings-on-DropBox-OneDrive-etc.md",
          "displayType": "topic",
          "type": "markdown",
          "keywords": "",
          "seeAlso": "",
          "remarks": "",
          "example": "",
          "sortOrder": 10,
          "helpId": "1966",
          "classInfo": {
            "assembly": "",
            "contract": "",
            "exceptions": ""
          }
        },
        {
          "id": "_4X313DNEU",
          "parentId": "_4XS11S2GW",
          "title": "Starting Markdown Monster from the Command Line or Powershell",
          "slug": "Common-Tasks/Starting-Markdown-Monster-from-the-Command-Line-or-Powershell",
          "link": "Common-Tasks/Starting-Markdown-Monster-from-the-Command-Line-or-Powershell.md",
          "displayType": "topic",
          "type": "markdown",
          "keywords": "",
          "seeAlso": "",
          "remarks": "",
          "example": "",
          "sortOrder": 40,
          "helpId": "1967",
          "classInfo": {
            "assembly": "",
            "contract": "",
            "exceptions": ""
          }
        },
        {
          "id": "_53U1B1DSC",
          "parentId": "_4XS11S2GW",
          "title": "Save As PDF Dialog",
          "slug": "Common-Tasks/Save-As-PDF-Dialog",
          "link": "Common-Tasks/Save-As-PDF-Dialog.md",
          "displayType": "topic",
          "type": "markdown",
          "keywords": "",
          "seeAlso": "Printing and Generating PDF Output",
          "remarks": "",
          "example": "",
          "sortOrder": 130,
          "helpId": "5210",
          "classInfo": {
            "assembly": "",
            "contract": "",
            "exceptions": ""
          }
        },
        {
          "id": "_57W02I1F6",
          "parentId": "_4XS11S2GW",
          "title": "Save Markdown Output as HTML",
          "slug": "Common-Tasks/Save-Markdown-Output-as-HTML",
          "link": "Common-Tasks/Save-Markdown-Output-as-HTML.md",
          "displayType": "topic",
          "type": "markdown",
          "keywords": "",
          "seeAlso": "",
          "remarks": "",
          "example": "",
          "sortOrder": 120,
          "helpId": "6632",
          "classInfo": {
            "assembly": "",
            "contract": "",
            "exceptions": ""
          }
        },
        {
          "id": "_59L0IZPOE",
          "parentId": "_4XS11S2GW",
          "title": "Shortcut Key Remapping",
          "slug": "Common-Tasks/Shortcut-Key-Remapping",
          "link": "Common-Tasks/Shortcut-Key-Remapping.md",
          "displayType": "topic",
          "type": "markdown",
          "keywords": "",
          "seeAlso": "",
          "remarks": "",
          "example": "",
          "sortOrder": 20,
          "helpId": "6636",
          "classInfo": {
            "assembly": "",
            "contract": "",
            "exceptions": ""
          }
        }
      ]
    },
    {
      "id": "_5AB0ZT9JC",
      "title": "Recipes",
      "slug": "Recipes",
      "displayType": "header",
      "type": "markdown",
      "keywords": "",
      "seeAlso": "",
      "remarks": "",
      "example": "",
      "sortOrder": 50,
      "helpId": "6638",
      "classInfo": {
        "assembly": "",
        "contract": "",
        "exceptions": ""
      },
      "topics": [
        {
          "id": "_5AB0ZU71B",
          "parentId": "_5AB0ZT9JC",
          "title": "Intercepting Rendered HTML using the Commander Addin",
          "slug": "Recipes/Intercepting-Rendered-HTML-using-the-Commander-Addin",
          "link": "Recipes/Intercepting-Rendered-HTML-using-the-Commander-Addin.md",
          "displayType": "topic",
          "type": "markdown",
          "keywords": "",
          "seeAlso": "",
          "remarks": "",
          "example": "",
          "sortOrder": 10,
          "helpId": "6639",
          "classInfo": {
            "assembly": "",
            "contract": "",
            "exceptions": ""
          }
        }
      ]
    },
    {
      "id": "_4NB0SER9F",
      "title": "Weblog Publishing",
      "slug": "Weblog-Publishing",
      "displayType": "header",
      "type": "markdown",
      "keywords": "",
      "seeAlso": "",
      "remarks": "",
      "example": "",
      "sortOrder": 40,
      "helpId": "4",
      "classInfo": {
        "assembly": "",
        "contract": "",
        "exceptions": ""
      },
      "topics": [
        {
          "id": "_4NB0SG47P",
          "parentId": "_4NB0SER9F",
          "title": "Custom Publish Format includes Markdown Text",
          "slug": "Weblog-Publishing/Custom-Publish-Format-includes-Markdown-Text",
          "link": "Weblog-Publishing/Custom-Publish-Format-includes-Markdown-Text.md",
          "displayType": "topic",
          "type": "markdown",
          "keywords": "",
          "seeAlso": "",
          "remarks": "",
          "example": "",
          "sortOrder": 10,
          "helpId": "5",
          "classInfo": {
            "assembly": "",
            "contract": "",
            "exceptions": ""
          }
        },
        {
          "id": "_4NK01B9MN",
          "parentId": "_4NB0SER9F",
          "title": "Updating Blog Posts",
          "slug": "Weblog-Publishing/Updating-Blog-Posts",
          "link": "Weblog-Publishing/Updating-Blog-Posts.md",
          "displayType": "topic",
          "type": "markdown",
          "keywords": "",
          "seeAlso": "",
          "remarks": "",
          "example": "",
          "sortOrder": 40,
          "helpId": "351",
          "classInfo": {
            "assembly": "",
            "contract": "",
            "exceptions": ""
          }
        },
        {
          "id": "_4RG0QZG1I",
          "parentId": "_4NB0SER9F",
          "title": "Setting up a Weblog",
          "slug": "Weblog-Publishing/Setting-up-a-Weblog",
          "link": "Weblog-Publishing/Setting-up-a-Weblog/Setting-up-a-Weblog.md",
          "displayType": "header",
          "type": "markdown",
          "keywords": "",
          "seeAlso": "",
          "remarks": "",
          "example": "",
          "sortOrder": 70,
          "helpId": "362",
          "classInfo": {
            "assembly": "",
            "contract": "",
            "exceptions": ""
          }
        },
        {
          "id": "_4RG0R0HMD",
          "parentId": "_4NB0SER9F",
          "title": "Publishing a Blog Post",
          "slug": "Weblog-Publishing/Publishing-a-Blog-Post",
          "link": "Weblog-Publishing/Publishing-a-Blog-Post.md",
          "displayType": "topic",
          "type": "markdown",
          "keywords": "",
          "seeAlso": "",
          "remarks": "",
          "example": "",
          "sortOrder": 60,
          "helpId": "363",
          "classInfo": {
            "assembly": "",
            "contract": "",
            "exceptions": ""
          }
        },
        {
          "id": "_4WQ1DBSNH",
          "parentId": "_4NB0SER9F",
          "title": "Adding Custom Fields to a Weblog Post",
          "slug": "Weblog-Publishing/Adding-Custom-Fields-to-a-Weblog-Post",
          "link": "Weblog-Publishing/Adding-Custom-Fields-to-a-Weblog-Post.md",
          "displayType": "topic",
          "type": "markdown",
          "keywords": "",
          "seeAlso": "",
          "remarks": "",
          "example": "",
          "sortOrder": 20,
          "helpId": "1964",
          "classInfo": {
            "assembly": "",
            "contract": "",
            "exceptions": ""
          }
        }
      ]
    },
    {
      "id": "_4NB0SE717",
      "title": "Creating Markdown Monster Addins with .NET",
      "slug": "Creating-Markdown-Monster-Addins-with-NET",
      "displayType": "header",
      "type": "markdown",
      "keywords": "",
      "seeAlso": "",
      "remarks": "",
      "example": "",
      "sortOrder": 30,
      "helpId": "3",
      "classInfo": {
        "assembly": "",
        "contract": "",
        "exceptions": ""
      },
      "topics": [
        {
          "id": "_4NE0S0QOI",
          "parentId": "_4NB0SE717",
          "title": "Creating a Markdown Monster Add-in",
          "slug": "Creating-Markdown-Monster-Addins-with-NET/Creating-a-Markdown-Monster-Add--in",
          "link": "Creating-Markdown-Monster-Addins-with-NET/Creating-a-Markdown-Monster-Add--in.md",
          "displayType": "topic",
          "type": "markdown",
          "keywords": "",
          "seeAlso": "",
          "remarks": "",
          "example": "",
          "sortOrder": 100,
          "helpId": "7",
          "classInfo": {
            "assembly": "",
            "contract": "",
            "exceptions": ""
          }
        },
        {
          "id": "_4NE1CGNOR",
          "parentId": "_4NB0SE717",
          "title": "Addin Lifecycle Event Handlers",
          "slug": "Creating-Markdown-Monster-Addins-with-NET/Addin-Lifecycle-Event-Handlers",
          "link": "Creating-Markdown-Monster-Addins-with-NET/Addin-Lifecycle-Event-Handlers.md",
          "displayType": "topic",
          "type": "markdown",
          "keywords": "",
          "seeAlso": "",
          "remarks": "",
          "example": "",
          "sortOrder": 80,
          "helpId": "8",
          "classInfo": {
            "assembly": "",
            "contract": "",
            "exceptions": ""
          }
        },
        {
          "id": "_4NE1CH7WA",
          "parentId": "_4NB0SE717",
          "title": "Bringing up UI from your Markdown Monster Add-in",
          "slug": "Creating-Markdown-Monster-Addins-with-NET/Bringing-up-UI-from-your-Markdown-Monster-Add--in",
          "link": "Creating-Markdown-Monster-Addins-with-NET/Bringing-up-UI-from-your-Markdown-Monster-Add--in.md",
          "displayType": "topic",
          "type": "markdown",
          "keywords": "",
          "seeAlso": "",
          "remarks": "",
          "example": "",
          "sortOrder": 70,
          "helpId": "9",
          "classInfo": {
            "assembly": "",
            "contract": "",
            "exceptions": ""
          }
        },
        {
          "id": "_4NF02Q0SZ",
          "parentId": "_4NB0SE717",
          "title": "Accessing and manipulating the Active Editor Document",
          "slug": "Creating-Markdown-Monster-Addins-with-NET/Accessing-and-manipulating-the-Active-Editor-Document",
          "link": "Creating-Markdown-Monster-Addins-with-NET/Accessing-and-manipulating-the-Active-Editor-Document.md",
          "displayType": "topic",
          "type": "markdown",
          "keywords": "",
          "seeAlso": "",
          "remarks": "",
          "example": "",
          "sortOrder": 90,
          "helpId": "11",
          "classInfo": {
            "assembly": "",
            "contract": "",
            "exceptions": ""
          }
        },
        {
          "id": "_4UT0J7XOE",
          "parentId": "_4NB0SE717",
          "title": "Creating a custom Markdown Parser in an Addin",
          "slug": "Creating-Markdown-Monster-Addins-with-NET/Creating-a-custom-Markdown-Parser-in-an-Addin",
          "link": "Creating-Markdown-Monster-Addins-with-NET/Creating-a-custom-Markdown-Parser-in-an-Addin.md",
          "displayType": "topic",
          "type": "markdown",
          "keywords": "",
          "seeAlso": "",
          "remarks": "",
          "example": "",
          "sortOrder": 50,
          "helpId": "1126",
          "classInfo": {
            "assembly": "",
            "contract": "",
            "exceptions": ""
          }
        },
        {
          "id": "_4UT0J9CM6",
          "parentId": "_4NB0SE717",
          "title": "Creating non-Visual Addins",
          "slug": "Creating-Markdown-Monster-Addins-with-NET/Creating-non--Visual-Addins",
          "link": "Creating-Markdown-Monster-Addins-with-NET/Creating-non--Visual-Addins.md",
          "displayType": "topic",
          "type": "markdown",
          "keywords": "",
          "seeAlso": "",
          "remarks": "",
          "example": "",
          "sortOrder": 25,
          "helpId": "1127",
          "classInfo": {
            "assembly": "",
            "contract": "",
            "exceptions": ""
          }
        },
        {
          "id": "_4ZV0O3R46",
          "parentId": "_4NB0SE717",
          "title": "Adding Menu Items to the Markdown Monster Menu",
          "slug": "Creating-Markdown-Monster-Addins-with-NET/Adding-Menu-Items-to-the-Markdown-Monster-Menu",
          "link": "Creating-Markdown-Monster-Addins-with-NET/Adding-Menu-Items-to-the-Markdown-Monster-Menu.md",
          "displayType": "topic",
          "type": "markdown",
          "keywords": "",
          "seeAlso": "",
          "remarks": "",
          "example": "",
          "sortOrder": 60,
          "helpId": "2973",
          "classInfo": {
            "assembly": "",
            "contract": "",
            "exceptions": ""
          }
        },
        {
          "id": "_52A19RYGS",
          "parentId": "_4NB0SE717",
          "title": "Addin Creation FAQ",
          "slug": "Creating-Markdown-Monster-Addins-with-NET/Addin-Creation-FAQ",
          "link": "Creating-Markdown-Monster-Addins-with-NET/Addin-Creation-FAQ/Addin-Creation-FAQ.md",
          "displayType": "header",
          "type": "markdown",
          "keywords": "",
          "seeAlso": "",
          "remarks": "",
          "example": "",
          "sortOrder": 20,
          "helpId": "4097",
          "classInfo": {
            "assembly": "",
            "contract": "",
            "exceptions": ""
          }
        },
        {
          "id": "_5520TLAV7",
          "parentId": "_4NB0SE717",
          "title": "Addin Configuration Class",
          "slug": "Creating-Markdown-Monster-Addins-with-NET/Addin-Configuration-Class",
          "link": "Creating-Markdown-Monster-Addins-with-NET/Addin-Configuration-Class.md",
          "displayType": "topic",
          "type": "markdown",
          "keywords": "",
          "seeAlso": "",
          "remarks": "",
          "example": "",
          "sortOrder": 40,
          "helpId": "5211",
          "classInfo": {
            "assembly": "",
            "contract": "",
            "exceptions": ""
          }
        },
        {
          "id": "_55O1DXZIA",
          "parentId": "_4NB0SE717",
          "title": "Class Reference",
          "slug": "Creating-Markdown-Monster-Addins-with-NET/Class-Reference",
          "link": "Creating-Markdown-Monster-Addins-with-NET/Class-Reference/Class-Reference.md",
          "displayType": "header",
          "type": "markdown",
          "keywords": "",
          "seeAlso": "",
          "remarks": "",
          "example": "",
          "sortOrder": 10,
          "helpId": "5213",
          "classInfo": {
            "assembly": "",
            "contract": "",
            "exceptions": ""
          }
        }
      ]
    },
    {
      "id": "_4SD0LXFQ0",
      "title": "FAQ",
      "slug": "FAQ",
      "displayType": "header",
      "type": "markdown",
      "keywords": "",
      "seeAlso": "",
      "remarks": "",
      "example": "",
      "sortOrder": 10,
      "isExpanded": true,
      "helpId": "369",
      "classInfo": {
        "assembly": "",
        "contract": "",
        "exceptions": ""
      },
      "topics": [
        {
          "id": "_4SF0MAY9M",
          "parentId": "_4SD0LXFQ0",
          "title": "Source Code Syntax Highlighting in exported HTML",
          "slug": "FAQ/Source-Code-Syntax-Highlighting-in-exported-HTML",
          "link": "FAQ/Source-Code-Syntax-Highlighting-in-exported-HTML.md",
          "displayType": "topic",
          "type": "markdown",
          "keywords": "",
          "seeAlso": "",
          "remarks": "",
          "example": "",
          "sortOrder": 90,
          "helpId": "371",
          "classInfo": {
            "assembly": "",
            "contract": "",
            "exceptions": ""
          }
        },
        {
          "id": "_4UJ0KFGLM",
          "parentId": "_4SD0LXFQ0",
          "title": "Blank Screen On Startup",
          "slug": "FAQ/Blank-Screen-On-Startup",
          "link": "FAQ/Blank-Screen-On-Startup.md",
          "displayType": "topic",
          "type": "markdown",
          "keywords": "",
          "seeAlso": "",
          "remarks": "",
          "example": "",
          "sortOrder": 80,
          "helpId": "1125",
          "classInfo": {
            "assembly": "",
            "contract": "",
            "exceptions": ""
          }
        },
        {
          "id": "_4X314391I",
          "parentId": "_4SD0LXFQ0",
          "title": "Adding Custom Extensions",
          "slug": "FAQ/Adding-Custom-Extensions",
          "link": "FAQ/Adding-Custom-Extensions.md",
          "displayType": "topic",
          "type": "markdown",
          "keywords": "",
          "seeAlso": "",
          "remarks": "",
          "example": "",
          "sortOrder": 70,
          "helpId": "1968",
          "classInfo": {
            "assembly": "",
            "contract": "",
            "exceptions": ""
          }
        },
        {
          "id": "_53D13I1ZJ",
          "parentId": "_4SD0LXFQ0",
          "title": "Reset Markdown Monster Settings to Default",
          "slug": "FAQ/Reset-Markdown-Monster-Settings-to-Default",
          "link": "FAQ/Reset-Markdown-Monster-Settings-to-Default.md",
          "displayType": "topic",
          "type": "markdown",
          "keywords": "",
          "seeAlso": "",
          "remarks": "",
          "example": "",
          "sortOrder": 60,
          "helpId": "5207",
          "classInfo": {
            "assembly": "",
            "contract": "",
            "exceptions": ""
          }
        },
        {
          "id": "_53E0OOAVV",
          "parentId": "_4SD0LXFQ0",
          "title": "Uninstalling Markdown Monster",
          "slug": "FAQ/Uninstalling-Markdown-Monster",
          "link": "FAQ/Uninstalling-Markdown-Monster.md",
          "displayType": "topic",
          "type": "markdown",
          "keywords": "",
          "seeAlso": "",
          "remarks": "",
          "example": "",
          "sortOrder": 50,
          "helpId": "5208",
          "classInfo": {
            "assembly": "",
            "contract": "",
            "exceptions": ""
          }
        },
        {
          "id": "_5750QTGR2",
          "parentId": "_4SD0LXFQ0",
          "title": "Support for DocFx Include Syntax",
          "slug": "FAQ/Support-for-DocFx-Include-Syntax",
          "link": "FAQ/Support-for-DocFx-Include-Syntax.md",
          "displayType": "topic",
          "type": "markdown",
          "keywords": "",
          "seeAlso": "",
          "remarks": "",
          "example": "",
          "sortOrder": 40,
          "helpId": "6630",
          "classInfo": {
            "assembly": "",
            "contract": "",
            "exceptions": ""
          }
        },
        {
          "id": "_5781CV66S",
          "parentId": "_4SD0LXFQ0",
          "title": "Special Rendering Features",
          "slug": "FAQ/Special-Rendering-Features",
          "link": "FAQ/Special-Rendering-Features.md",
          "displayType": "topic",
          "type": "markdown",
          "keywords": "",
          "seeAlso": "",
          "remarks": "",
          "example": "",
          "sortOrder": 10,
          "helpId": "6631",
          "classInfo": {
            "assembly": "",
            "contract": "",
            "exceptions": ""
          }
        },
        {
          "id": "_58Q0PCUZK",
          "parentId": "_4SD0LXFQ0",
          "title": "Customizing Editor Styling CSS",
          "slug": "FAQ/Customizing-Editor-Styling-CSS",
          "link": "FAQ/Customizing-Editor-Styling-CSS.md",
          "displayType": "topic",
          "type": "markdown",
          "keywords": "",
          "seeAlso": "",
          "remarks": "",
          "example": "",
          "sortOrder": 30,
          "helpId": "6634",
          "classInfo": {
            "assembly": "",
            "contract": "",
            "exceptions": ""
          }
        },
        {
          "id": "_59L0MV2UW",
          "parentId": "_4SD0LXFQ0",
          "title": "Rendering Math Equations (Latex based)",
          "slug": "FAQ/Rendering-Math-Equations-Latex-based",
          "link": "FAQ/Rendering-Math-Equations-Latex-based.md",
          "displayType": "topic",
          "type": "markdown",
          "keywords": "",
          "seeAlso": "",
          "remarks": "",
          "example": "",
          "sortOrder": 20,
          "helpId": "6637",
          "classInfo": {
            "assembly": "",
            "contract": "",
            "exceptions": ""
          }
        }
      ]
    }
  ],
  "settings": {
    "topicTypes": {
      "index": "Top level topic for the documentation.",
      "header": "Header topic for sub-topics",
      "topic": "Generic topic",
      "whatsnew": "What's new",
      "weblink": "External link",
      "classheader": "Class Header",
      "interface": "Interface",
      "namespace": "Namespace",
      "classmethod": "Class method",
      "classproperty": "Class property",
      "classfield": "Class field",
      "classevent": "Class event",
      "classconstructor": "Class constructor",
      "enum": "Enumeration",
      "delegate": "Delegate",
      "webservice": "Web Service",
      "database": "Database",
      "datacolumn": "Data columns",
      "datafunction": "Data function",
      "datastoredproc": "Data stored procedure",
      "datatable": "Data table",
      "dataview": "Data view",
      "vstsworkitem": "VSTS work item",
      "vstsworkitemquery": "VSTS work item query"
    },
    "RenderProjectTitle": true
  }
}