﻿<?xml version="1.0" encoding="utf-8" standalone="yes"?>
<item_view_root>
  <![CDATA[item_search only char,varchar,nvarchar type]]>
  <item_search_list> 
 	 <column>page_global_name</column>
 	</item_search_list>
  <item_view_list>
    <view_table>
      <column>page_global_name</column>
      <column>page_name</column>
      <column>page_title</column>
      <column>page_category</column>
    </view_table>
    <view_more>
      <column>page_active</column>
      <column>page_cache_duration</column>
      <column>page_cache_parameters</column>
      <column>page_category</column>
      <column>page_classification_meta</column>
      <column>page_copyright_meta</column>
      <column>page_date_create</column>
      <column>page_description_meta</column>
      <column>page_directory_path</column>
      <column>page_global_name</column>
      <column>page_id</column>
      <column>page_keywords_meta</column>
      <column>page_load_alone</column>
      <column>page_load_tag</column>
      <column>page_load_type</column>
      <column>page_name</column>
      <column>page_physical_name</column>
      <column>page_physical_path</column>
      <column>page_public_access_show</column>
      <column>page_public_site</column>
      <column>page_query_string</column>
      <column>page_revisit_after_meta</column>
      <column>page_rights_meta</column>
      <column>page_robots_meta</column>
      <column>page_show_link_in_site</column>
      <column>page_static_head</column>
      <column>page_time_create</column>
      <column>page_title</column>
      <column>page_use_application_name_meta</column>
      <column>page_use_author_meta</column>
      <column>page_use_classification_meta</column>
      <column>page_use_copyright_meta</column>
      <column>page_use_description_meta</column>
      <column>page_use_elanat</column>
      <column>page_use_fetch</column>
      <column>page_use_generator_meta</column>
      <column>page_use_html</column>
      <column>page_use_item</column>
      <column>page_use_javascript_inactive_refresh_meta</column>
      <column>page_use_keywords_meta</column>
      <column>page_use_language</column>
      <column>page_use_language_meta</column>
      <column>page_use_load_tag</column>
      <column>page_use_module</column>
      <column>page_use_plugin</column>
      <column>page_use_replace_part</column>
      <column>page_use_revisit_after_meta</column>
      <column>page_use_rights_meta</column>
      <column>page_use_robots_meta</column>
      <column>page_use_static_head</column>
      <column>page_visit</column>
      <column>site_style_id</column>
      <column>site_style_name</column>    
      <column>site_template_id</column>
      <column>site_template_name</column>    
      <column>user_id</column>
      <column>user_site_name</column>
    </view_more>
  </item_view_list>
</item_view_root>