﻿<?xml version="1.0" encoding="utf-8" standalone="yes"?>
<item_view_root>
  <item_search_list>
    <column>name</column>
    <column>type</column>
    <column>path</column>
  </item_search_list>
  <item_view_list>
    <view_table>
      <column>name</column>
      <column>type</column>
      <column>size</column>
      <column>last_access_time</column>
    </view_table>
    <view_more>
      <column>is_read_only</column>
      <column>last_access_time</column>
      <column>name</column>
      <column>path</column>
      <column>size</column>
      <column>type</column>
  </view_more>
  </item_view_list>
</item_view_root>