<?xml version="1.0" encoding="UTF-8" standalone="yes"?>
<patch_catalog_root>

  <patch_name value="" />

  <patch_category value="other" />

  <patch_author value="" />

  <patch_directory_path value="" />

  <patch_version_support>
    <version value="2.0.0.0" />
  </patch_version_support>

  <patch_author_website>

  </patch_author_website>

  <patch_version value="1.0.0.0" />

  <patch_release_date value="2023/08/31"/>

  <patch_info>

  </patch_info>

  <patch_license>

  </patch_license>

  <patch_install_path value="" />

  <patch_uninstall_path value="" />

</patch_catalog_root>