﻿<items>
	<item name="bfile" args=""></item>
	<item name="binary_double" args=""></item>
	<item name="binary_float" args=""></item>
	<item name="blob" args="" size="4GB" indexForbidden="true"></item>
	<item name="clob" args="" size="4GB" indexForbidden="true"></item>
	<item name="char" args="length" range="1~2000"></item>
	<item name="date" args=""></item>
	<item name="decimal" args="precision,scale" optional="true" allowIdentity="true" mapTo="number"></item>
	<item name="double precision" args="" mapTo="float"></item>
	<item name="float" args=""></item>
	<item name="int" args="" mapTo="number" allowIdentity="true"></item>
	<item name="integer" args="" mapTo="number" allowIdentity="true"></item>
	<item name="interval day to second" format="interval day($dayScale$) to second($scale$)" range="0~9,0~9" args="dayScale,scale" optional="true" default="2,6"></item>
	<item name="interval year to month" format="interval year($precision$) to month" args="precision" range="0~9" optional="true" default="2"></item>
	<item name="long" args="" size="2GB" indexForbidden="true"></item>
	<item name="long raw" args="" size="2GB" indexForbidden="true"></item>
	<item name="nchar" args="length" range="1~1000"></item>
	<item name="nclob" args="" size="4GB" indexForbidden="true"></item>
	<item name="number" args="precision,scale" range="1~38,0~38" optional="true" allowIdentity="true" default="38,4"></item>
	<item name="nvarchar2" args="length" range="1~2000"></item>
	<item name="raw" args="length" range="1~2000"></item>
	<item name="real" args="" mapTo="float"></item>
	<item name="sdo_geometry" args=""></item>
	<item name="smallint" args="" mapTo="number" allowIdentity="true"></item>
	<item name="st_geometry" args=""></item>
	<item name="timestamp" args="scale" range="0~9" optional="true" default="6"></item>
	<item name="timestamp with local time zone" format="timestamp($scale$) with local time zone" args="scale" range="0~9" default="6"></item>
	<item name="timestamp with time zone" format="timestamp($scale$) with time zone"  args="scale" range="0~9" default="6"></item>
	<item name="varchar" args="length" range="1~4000"></item>
    <item name="varchar2" args="length" range="1~4000"></item>
</items>