﻿<?xml version="1.0" encoding="utf-8" standalone="yes"?>
<limitation_root>

  <limitation_list>

    <limitation name="attachment_count" value="100000" active="false" />
    <limitation name="attachment_size" value="1024" active="false" />
    <limitation name="comment_count" value="100000" active="false" />
    <limitation name="contact_count" value="100000" active="false" />
    <limitation name="content_count" value="100000" active="false" />
    <limitation name="content_reply_count" value="100000" active="false" />
    <limitation name="login_try_count" value="10" active="false" />
    <limitation name="next_search_time_interval" value="60" active="false" />

  </limitation_list>
  
</limitation_root>