<?xml version="1.0" encoding="UTF-8" standalone="yes"?>
<editor_template_catalog_root>

  <editor_template_name value="image_preview" />

  <editor_template_category value="" />

  <editor_template_author value="Elanat" />
  
  <editor_template_directory_path value="image_preview" />

  <editor_template_physical_name value="image_preview.html" />
  
  <editor_template_replace use_language="true" use_replace_part="false" use_module="false" use_plugin="false" use_elanat="false" use_item="false" use_fetch="false"  />
	
  <editor_template_cache_parameters></editor_template_cache_parameters>
  
  <editor_template_version value="1.0.8.4" />

  <editor_template_release_date value="2023/06/02"/>

  <editor_template_info>

  </editor_template_info>

  <editor_template_license>

  </editor_template_license>

  <editor_template_static_head>

    <script type="text/javascript">
		<![CDATA[
			function el_SetImagePreviewToEditorTemplate()
			{
			  var ImageSrc = document.getElementById("txt_ImagePreviewImageSrc").value;
			  var TmpImageSrc = ImageSrc;
			  var ImageAlt = document.getElementById("txt_ImagePreviewImageAlt").value;
			  var SetThumbnail = (document.getElementById("cbx_SetThumbnail").checked) ? "thumb/" : "";
        var IsThumbnail = document.getElementById("cbx_SetThumbnail").checked ? "true" : "false";
        
        if((document.getElementById("cbx_SetThumbnail").checked))
          if(ImageSrc.lastIndexOf("/"))
            TmpImageSrc = ImageSrc.slice(0, ImageSrc.lastIndexOf("/") + 1) + SetThumbnail + ImageSrc.slice(ImageSrc.lastIndexOf("/") + 1);
          else
            TmpImageSrc = SetThumbnail + ImageSrc;
      
			  ElanatVariant.EditorTemplateValue = "<img class='el_img_ImagePreview' id='img_ImagePreview" + ImageSrc.slice(ImageSrc.lastIndexOf("/") + 1) + "' src='" + TmpImageSrc + "' alt='" + ImageAlt + "' title='" + ImageAlt + "' onclick='el_ShowImagePreview(this, " + IsThumbnail + ")' /><br>";
			}
		]]>
	  </script>
   
  </editor_template_static_head>

  <editor_template_load_tag>

  </editor_template_load_tag>
  
  <editor_template_view_static_head>

  </editor_template_view_static_head>

  <editor_template_view_load_tag>

  </editor_template_view_load_tag>

  <editor_template_version_support>
    <version value="1.0.0.0" />
  </editor_template_version_support>

  <editor_template_author_website>

  </editor_template_author_website>

  <editor_template_install_path value="" />

  <editor_template_uninstall_path value="" />

</editor_template_catalog_root>