﻿<?xml version="1.0" encoding="utf-8" standalone="yes"?>
<protection_root>
  <protection_list table_name="el_plugin" column_key_name="plugin_id">
    <protection column_name="plugin_name" column_value="show_admin_user_menu" />
    <protection column_name="plugin_name" column_value="show_admin_system_menu" />
    <protection column_name="plugin_name" column_value="show_admin_extra_helper_group" />
    <protection column_name="plugin_name" column_value="show_current_site" />
    <protection column_name="plugin_name" column_value="show_admin_component_group" />
    <protection column_name="plugin_name" column_value="show_admin_module_group" />
    <protection column_name="plugin_name" column_value="show_language" />
    <protection column_name="plugin_name" column_value="show_language_extra_drop_down_list" />
    <protection column_name="plugin_name" column_value="show_language_drop_down_list" />
    <protection column_name="plugin_name" column_value="show_admin_site_drop_down_list" />
    <protection column_name="plugin_name" column_value="show_quick_search" />
    <protection column_name="plugin_name" column_value="directory_text_file" />
    <protection column_name="plugin_name" column_value="show_member_page" />
    <protection column_name="plugin_name" column_value="show_site_drop_down_list" />
    <protection column_name="plugin_name" column_value="show_site" />
    <protection column_name="plugin_name" column_value="show_page" />
    <protection column_name="plugin_name" column_value="show_content_type" />
    <protection column_name="plugin_name" column_value="show_category_drop_down_list" />
    <protection column_name="plugin_name" column_value="show_calendar" />
    <protection column_name="plugin_name" column_value="show_admin_language_drop_down_list" />
    <protection column_name="plugin_name" column_value="show_accept_cookie_message" />
  </protection_list>
</protection_root>