﻿<?xml version="1.0" encoding="utf-8" standalone="yes"?>
<item_view_root>
  <![CDATA[item_search only char,varchar,nvarchar type]]>
  <item_search_list> 
 	 <column>item_name</column>
 	</item_search_list>
  <item_view_list>
    <view_table>
      <column>item_name</column>
      <column>item_value</column>
    </view_table>
    <view_more>
      <column>item_active</column>
      <column>item_cache_duration</column>
      <column>item_id</column>
      <column>item_name</column>
      <column>item_public_access_show</column>
      <column>item_sort_index</column>
      <column>item_use_box</column>
      <column>item_use_elanat</column>
      <column>item_use_fetch</column>
      <column>item_use_item</column>
      <column>item_use_language</column>
      <column>item_use_module</column>
      <column>item_use_plugin</column>
      <column>item_use_replace_part</column>
      <column>item_value</column>
    </view_more>
  </item_view_list>
</item_view_root>