<?xml version="1.0" encoding="UTF-8" standalone="yes"?>
<extra_helper_catalog_root>

  <extra_helper_name value="inner xml to html" />

  <extra_helper_category value="convertor" />

  <extra_helper_author value="Elanat" />
  
  <extra_helper_directory_path value="inner_xml_to_html" />

  <extra_helper_physical_name value="index.html" />
  
  <extra_helper_replace use_language="true" use_replace_part="false" use_module="false" use_plugin="false" use_elanat="false" use_item="false" use_fetch="false"  />
	
  <extra_helper_cache_parameters></extra_helper_cache_parameters>
  
  <extra_helper_load_type value="text" />

  <extra_helper_version value="1.0.8.4" />

  <extra_helper_release_date value="2023/06/02"/>

  <extra_helper_info>

  </extra_helper_info>

  <extra_helper_license>

  </extra_helper_license>

  <extra_helper_static_head>

  </extra_helper_static_head>

  <extra_helper_load_tag>

  </extra_helper_load_tag>

  <extra_helper_version_support>
    <version value="1.0.0.0" />
  </extra_helper_version_support>

  <extra_helper_author_website>

  </extra_helper_author_website>

  <extra_helper_install_path value="" />

  <extra_helper_uninstall_path value="" />

</extra_helper_catalog_root>