﻿<?xml version="1.0" encoding="utf-8" standalone="yes"?>
<item_view_root>
  <![CDATA[item_search only char,varchar,nvarchar type]]>
  <item_search_list> 
 	 <column>link_title</column>
 	</item_search_list>
  <item_view_list>
    <view_table>
      <column>link_title</column>
      <column>link_value</column>
      <column>link_href</column>
      <column>link_target</column>
    </view_table>
    <view_more>
      <column>link_active</column>
      <column>link_href</column>
      <column>link_id</column>
      <column>link_rel</column>
      <column>link_protocol</column>
      <column>link_sort_index</column>
      <column>link_target</column>
      <column>link_title</column>
      <column>link_value</column>
    </view_more>
  </item_view_list>
</item_view_root>