<?xml version="1.0" encoding="utf-8"?>
<WebConnectionWebServerSettings xmlns:xsi="http://www.w3.org/2001/XMLSchema-instance" xmlns:xsd="http://www.w3.org/2001/XMLSchema">
   <HandledExtensions>.wwt,.wc,.wcs</HandledExtensions>
   <DefaultFiles>index.html,default.htm,default.html</DefaultFiles>
   <WebRoot>c:\WebConnectionProjects\wwThreads\web</WebRoot>
   <MessagingMechanism>File</MessagingMechanism>
   <ComServerProgId>wcDemo.wcDemoServer</ComServerProgId>
   <UseStaComServers>false</UseStaComServers>
   <ServerCount>1</ServerCount>
   <AutoStartServers>false</AutoStartServers>
   <ComServerLoadingMode>LoadBased</ComServerLoadingMode>
   <TempPath>~\..\deploy\temp</TempPath>
   <TempFilePrefix>WC_</TempFilePrefix>
   <Timeout>60</Timeout>
   <VirtualDirectory>/wwthreads/</VirtualDirectory>
   <AdminAccount>ANY</AdminAccount>
   <AdminPage>~/admin/admin.html</AdminPage>
   <ExeFile />
   <UpdateFile />
   <UseLiveReload>true</UseLiveReload>
   <LiveReloadExtensions>.wc,.wcs,.html,.htm,.css,.js,ts</LiveReloadExtensions>
   <LogDetail>false</LogDetail>
   <MessageDisplayFooter>Page generated by Web Connection IIS Connector Module</MessageDisplayFooter>
</WebConnectionWebServerSettings>