<?xml version="1.0" encoding="utf-8"?>
<WebConnectionWebServerSettings xmlns:xsi="http://www.w3.org/2001/XMLSchema-instance" xmlns:xsd="http://www.w3.org/2001/XMLSchema">
   <HandledExtensions>.wwt,.wc,.wcs,.wcsx</HandledExtensions>
   <DefaultFiles>threads.wwt</DefaultFiles>
   <VirtualDirectory>/</VirtualDirectory>
   <MessagingMechanism>File</MessagingMechanism>
   <ServerCount>2</ServerCount>
   <AutoStartServers>false</AutoStartServers>
   <ComServerProgId>wwThreads.wwThreadsServer</ComServerProgId>
   <ComServerLoadingMode>LoadBased</ComServerLoadingMode>
   <UseStaComServers>false</UseStaComServers>
   <TempPath>~\..\deploy\temp\</TempPath>
   <TempFilePrefix>WC_</TempFilePrefix>
   <Timeout>90</Timeout>
   <AdminAccount>ANY</AdminAccount>
   <AdminPage>~/admin/admin.html</AdminPage>
   <ExeFile>~\..\deploy\Wwthreads.exe</ExeFile>
   <UpdateFile>~\..\deploy\Wwthreads_Update.exe</UpdateFile>
   <UseLiveReload>true</UseLiveReload>
   <LiveReloadExtensions>.wwt,.wc,.wcs,.html,.htm,.css,.js,ts</LiveReloadExtensions>
   <LogDetail>false</LogDetail>
   <MessageDisplayFooter>Generated by Web Connection IIS .NET Connector Module</MessageDisplayFooter>
</WebConnectionWebServerSettings>