<?xml version="1.0" encoding="UTF-8" standalone="yes"?>
<plugin_catalog_root>

  <plugin_name value="" />

  <plugin_category value="other" />

  <plugin_author value="" />

  <plugin_directory_path value="" />

  <plugin_physical_name value="index.html" />

  <plugin_replace use_language="false" use_replace_part="false" use_module="false" use_plugin="false" use_elanat="false" use_item="false" use_fetch="false"  />

  <plugin_cache_parameters></plugin_cache_parameters>

  <plugin_version_support>
    <version value="2.0.0.0" />
  </plugin_version_support>

  <plugin_author_website>

  </plugin_author_website>

  <plugin_best_load_status value="server" />

  <plugin_version value="1.0.0.0" />

  <plugin_release_date value="2023/08/31"/>

  <plugin_info>

  </plugin_info>

  <plugin_license>

  </plugin_license>

  <plugin_static_head>

  </plugin_static_head>

  <plugin_load_tag>

  </plugin_load_tag>

  <plugin_install_path value="" />

  <plugin_uninstall_path value="" />

  <plugin_add_access_path>
    <path type="url" start_by="true" exist="false" end_by="false" regex_match="false" active="false">
      <path_value>urltest=</path_value>
    </path>
  </plugin_add_access_path>

  <plugin_edit_own_access_path>
    <path type="url" start_by="true" exist="false" end_by="false" regex_match="false" active="false">
      <path_value>urltest=</path_value>
      <load_value_check check_type="method" dll_type="" dll_method="" is_non_public="false"></load_value_check>
      <parameter_send_list>
        <parameter type="user_id"></parameter>
        <parameter type="path"></parameter>
        <parameter type="query_string" name="" new_name=""></parameter>
        <parameter type="form" name="" new_name=""></parameter>
      </parameter_send_list>
    </path>
  </plugin_edit_own_access_path>

  <plugin_edit_all_access_path>
    <path type="url" start_by="true" exist="false" end_by="false" regex_match="false" active="false">
      <path_value>urltest=</path_value>
    </path>
  </plugin_edit_all_access_path>

  <plugin_delete_own_access_path>
    <path type="url" start_by="true" exist="false" end_by="false" regex_match="false" active="false">
      <path_value>urltest=</path_value>
      <load_value_check check_type="method" dll_type="" dll_method="" is_non_public="false"></load_value_check>
      <parameter_send_list>
        <parameter type="user_id" new_name=""></parameter>
        <parameter type="path" new_name=""></parameter>
        <parameter type="query_string" name="" new_name=""></parameter>
        <parameter type="form" name="" new_name=""></parameter>
      </parameter_send_list>
    </path>
  </plugin_delete_own_access_path>

  <plugin_delete_all_access_path>
    <path type="url" start_by="true" exist="false" end_by="false" regex_match="false" active="false">
      <path_value>urltest=</path_value>
    </path>
  </plugin_delete_all_access_path>

  </plugin_catalog_root>