﻿<?xml version="1.0" encoding="utf-8" standalone="yes"?>
<item_view_root>
  <![CDATA[item_search only char,varchar,nvarchar type]]>
  <item_search_list> 
 	 <column>content_title</column>
 	</item_search_list>
  <item_view_list>
    <view_table>
      <column>comment_user_guest_name</column>
      <column>comment_title</column>
      <column>comment_user_guest_email</column>
      <column>comment_date_and_time_send</column>
    </view_table>
    <view_more>
      <column>comment_active</column>
      <column>comment_date_and_time_send</column>
      <column>comment_date_send</column>
      <column>comment_file_directory_path</column>
      <column>comment_file_physical_name</column>
      <column>comment_guest_about</column>
      <column>comment_guest_address</column>
      <column>comment_guest_birthday</column>
      <column>comment_guest_city</column>
      <column>comment_guest_country</column>
      <column>comment_guest_email</column>
      <column>comment_guest_gender</column>
      <column>comment_guest_mobile_number</column>
      <column>comment_guest_name</column>
      <column>comment_guest_phone_number</column>
      <column>comment_guest_postal_code</column>
      <column>comment_guest_public_email</column>
      <column>comment_guest_real_last_name</column>
      <column>comment_guest_real_name</column>
      <column>comment_guest_state_or_province</column>
      <column>comment_guest_website</column> 
      <column>comment_guest_zip_code</column>
      <column>comment_id</column>
      <column>comment_ip_address</column>
      <column>comment_text</column>
      <column>comment_time_send</column>
      <column>comment_title</column>
      <column>comment_type</column>
      <column>comment_user_guest_email</column>
      <column>comment_user_guest_name</column>
      <column>content_id</column>
      <column>content_title</column>
      <column>parent_comment</column>
      <column>user_id</column>
    </view_more>
  </item_view_list>
</item_view_root>
