﻿<?xml version="1.0" encoding="utf-8" standalone="yes"?>
<item_view_root>
  <![CDATA[item_search only char,varchar,nvarchar type]]>
  <item_search_list> 
 	 <column>editor_template_name</column>
 	</item_search_list>
  <item_view_list>
    <view_table>
      <column>editor_template_name</column>
      <column>editor_template_category</column>
    </view_table>
    <view_more>
      <column>editor_template_active</column>
      <column>editor_template_category</column>
      <column>editor_template_directory_path</column>
      <column>editor_template_id</column>
      <column>editor_template_name</column>
      <column>editor_template_physical_name</column>
      <column>editor_template_physical_path</column>
      <column>editor_template_use_elanat</column>
      <column>editor_template_use_fetch</column>
      <column>editor_template_use_item</column>
      <column>editor_template_use_language</column>
      <column>editor_template_use_module</column>
      <column>editor_template_use_plugin</column>
      <column>editor_template_use_replace_part</column>
      <column>editor_template_cache_duration</column>
      <column>editor_template_cache_parameters</column>
      <column>editor_template_public_access_show</column>
      <column>editor_template_sort_index</column>
    </view_more>
  </item_view_list>
</item_view_root>