﻿<?xml version="1.0" encoding="utf-8" standalone="yes"?>
<item_view_root>
  <![CDATA[item_search only char,varchar,nvarchar type]]>
  <item_search_list> 
 	 <column>plugin_name</column>
 	</item_search_list>
  <item_view_list>
    <view_table>
      <column>plugin_name</column>
      <column>plugin_load_type</column>
      <column>plugin_category</column>
    </view_table>
    <view_more>
      <column>plugin_active</column>
      <column>plugin_category</column>
      <column>plugin_directory_path</column>
      <column>plugin_id</column>
      <column>plugin_load_type</column>
      <column>plugin_name</column>
      <column>plugin_physical_name</column>
      <column>plugin_physical_path</column>
      <column>plugin_use_elanat</column>
      <column>plugin_use_fetch</column>
      <column>plugin_use_item</column>
      <column>plugin_use_language</column>
      <column>plugin_use_module</column>
      <column>plugin_use_plugin</column>
      <column>plugin_use_replace_part</column>
      <column>plugin_cache_duration</column>
      <column>plugin_cache_parameters</column>
      <column>plugin_public_access_add</column>
      <column>plugin_public_access_delete_all</column>
      <column>plugin_public_access_delete_own</column>
      <column>plugin_public_access_edit_all</column>
      <column>plugin_public_access_edit_own</column>
      <column>plugin_public_access_show</column>
      <column>plugin_sort_index</column>
    </view_more>
  </item_view_list>
</item_view_root>