[
  {
    "providerType": "Comfy",
    "name": "comfy-dell.pvq.app",
    "apiBaseUrl": "https://comfy-dell.pvq.app",
    "HeartbeatUrl": "/",
    "concurrency": 1,
    "priority": 0,
    "enabled": true,
    "apiModels": {
      "jib-mix-realistic": "jibMixRealisticXL_v140CrystalClarity.safetensors",
      "flux-schnell": "flux1-schnell.safetensors",
      "image-upscale-2x": "RealESRGAN_x2.pth",
      "image-to-text": "microsoft/Florence-2-base",
      "image-to-image": "jibMixRealisticXL_v140CrystalClarity.safetensors",
      "speech-to-text": "base",
      "text-to-speech": "high:en_US-lessac"
    }
  },
  {
    "providerType": "Comfy",
    "name": "comfy-supermicro.pvq.app",
    "apiBaseUrl": "https://comfy-supermicro.pvq.app",
    "heartbeatUrl": "/",
    "concurrency": 1,
    "priority": 0,
    "enabled": true,
    "apiModels": {
      "jib-mix-realistic": "jibMixRealisticXL_v140CrystalClarity.safetensors",
      "image-upscale-2x": "RealESRGAN_x2.pth",
      "image-to-text": "microsoft/Florence-2-base",
      "image-to-image": "jibMixRealisticXL_v140CrystalClarity.safetensors",
      "speech-to-text": "base",
      "text-to-speech": "high:en_US-lessac"
    }
  }
]