[
  {
    "id": 1,
    "generationApiTypeId": 1,
    "name": "Replicate",
    "apiKeyVar": "REPLICATE_API_KEY",
    "HeartbeatUrl": "/",
    "concurrency": 1,
    "priority": 0,
    "enabled": true,
    "models": [
      "black-forest-labs/flux-schnell",
      "black-forest-labs/flux-dev",
      "black-forest-labs/flux-pro",
      "stability-ai/stable-diffusion-3"
    ]
  },
  {
    "id": 2,
    "generationApiTypeId": 2,
    "name": "ComfyUI",
    "apiKeyVar": "COMFY_API_KEY",
    "apiUrlVar": "COMFY_API_URL",
    "HeartbeatUrl": "/",
    "concurrency": 1,
    "priority": 0,
    "enabled": true
  },
  {
    "id": 3,
    "generationApiTypeId": 3,
    "name": "OpenAI",
    "apiKeyVar": "OPENAI_API_KEY",
    "HeartbeatUrl": "/",
    "concurrency": 1,
    "priority": 0,
    "enabled": true,
    "models": [
      "dall-e-3"
    ]
  }
]