﻿<?xml version="1.0" encoding="utf-8" standalone="yes"?>
<item_view_root>
  <![CDATA[item_search only char,varchar,nvarchar type]]>
  <item_search_list> 
 	 <column>component_name</column>
  </item_search_list>
  <item_view_list>
    <view_table>
      <column>component_name</column>
      <column>component_load_type</column>
      <column>component_category</column>
    </view_table>
    <view_more>
      <column>component_active</column>
      <column>component_category</column>
      <column>component_directory_path</column>
      <column>component_id</column>
      <column>component_load_type</column>
      <column>component_name</column>
      <column>component_physical_name</column>
      <column>component_physical_path</column>
      <column>component_use_elanat</column>
      <column>component_use_fetch</column>
      <column>component_use_item</column>
      <column>component_use_language</column>
      <column>component_use_module</column>
      <column>component_use_plugin</column>
      <column>component_use_replace_part</column>
      <column>component_cache_duration</column>
      <column>component_cache_parameters</column>
      <column>component_public_access_add</column>
      <column>component_public_access_delete_all</column>
      <column>component_public_access_delete_own</column>
      <column>component_public_access_edit_all</column>
      <column>component_public_access_edit_own</column>
      <column>component_public_access_show</column>
      <column>component_sort_index</column>
    </view_more>
  </item_view_list>
</item_view_root>