﻿<?xml version="1.0" encoding="utf-8" standalone="yes"?>
<protection_root>
  <protection_list table_name="el_component" column_key_name="component_id">
    <protection column_name="component_name" column_value="about" />
	  <protection column_name="component_name" column_value="add_content" />
	  <protection column_name="component_name" column_value="backup" />
    <protection column_name="component_name" column_value="component" />
    <protection column_name="component_name" column_value="content" />
    <protection column_name="component_name" column_value="editor_template" />
    <protection column_name="component_name" column_value="extra_helper" />
    <protection column_name="component_name" column_value="fetch" />
    <protection column_name="component_name" column_value="group" />
    <protection column_name="component_name" column_value="language" />
    <protection column_name="component_name" column_value="menu" />
    <protection column_name="component_name" column_value="module" />
    <protection column_name="component_name" column_value="page" />
    <protection column_name="component_name" column_value="patch" />
    <protection column_name="component_name" column_value="plugin" />
    <protection column_name="component_name" column_value="refresh" />
    <protection column_name="component_name" column_value="role" />
    <protection column_name="component_name" column_value="site" />
    <protection column_name="component_name" column_value="user" />
  </protection_list>
</protection_root>