﻿<?xml version="1.0" encoding="utf-8" standalone="yes"?>
<unauthorized_root>
  <unauthorized_list>
    
    <el_user>
      <user_name>
        <unauthorized exist="true" start_by="false" end_by="false" reason="name_guest_is_reserved">guest</unauthorized>
        <unauthorized exist="true" start_by="false" end_by="false" reason="character_comma_is_unauthorized">,</unauthorized>
        <unauthorized exist="true" start_by="false" end_by="false" reason="character_with_alt_and_255_is_unauthorized"> </unauthorized>
        <unauthorized exist="true" start_by="false" end_by="false" reason="character_pound_is_unauthorized">#</unauthorized>
        <unauthorized exist="true" start_by="false" end_by="false" reason="character_percent_is_unauthorized">%</unauthorized>
        <unauthorized exist="true" start_by="false" end_by="false" reason="character_ampersand_is_unauthorized"><![CDATA[&]]></unauthorized>
        <unauthorized exist="true" start_by="false" end_by="false" reason="character_left_curly_bracket_is_unauthorized">{</unauthorized>
        <unauthorized exist="true" start_by="false" end_by="false" reason="character_right_curly_bracket_is_unauthorized">}</unauthorized>
        <unauthorized exist="true" start_by="false" end_by="false" reason="character_back_slash_is_unauthorized">\</unauthorized>
        <unauthorized exist="true" start_by="false" end_by="false" reason="character_left_angle_bracket_is_unauthorized"><![CDATA[<]]></unauthorized>
        <unauthorized exist="true" start_by="false" end_by="false" reason="character_right_angle_bracket_is_unauthorized"><![CDATA[>]]></unauthorized>
        <unauthorized exist="true" start_by="false" end_by="false" reason="character_asterisk_is_unauthorized">*</unauthorized>
        <unauthorized exist="true" start_by="false" end_by="false" reason="character_question_mark_is_unauthorized">?</unauthorized>
        <unauthorized exist="true" start_by="false" end_by="false" reason="character_forward_slash_is_unauthorized">/</unauthorized>
        <unauthorized exist="true" start_by="false" end_by="false" reason="character_dollar_sign_is_unauthorized">$</unauthorized>
        <unauthorized exist="true" start_by="false" end_by="false" reason="character_exclamation_point_is_unauthorized">!</unauthorized>
        <unauthorized exist="true" start_by="false" end_by="false" reason="character_single_quotes_is_unauthorized">'</unauthorized>
        <unauthorized exist="true" start_by="false" end_by="false" reason="character_double_quotes_is_unauthorized">"</unauthorized>
        <unauthorized exist="true" start_by="false" end_by="false" reason="character_colon_is_unauthorized">:</unauthorized>
        <unauthorized exist="true" start_by="false" end_by="false" reason="character_semicolon_is_unauthorized">;</unauthorized>
        <unauthorized exist="true" start_by="false" end_by="false" reason="character_at_sign_is_unauthorized">@</unauthorized>
        <unauthorized exist="true" start_by="false" end_by="false" reason="character_plus_sign_is_unauthorized">+</unauthorized>
        <unauthorized exist="true" start_by="false" end_by="false" reason="character_backtick_is_unauthorized">`</unauthorized>
        <unauthorized exist="true" start_by="false" end_by="false" reason="character_pipe_is_unauthorized">|</unauthorized>
        <unauthorized exist="true" start_by="false" end_by="false" reason="character_equal_sign_is_unauthorized">=</unauthorized>
        <unauthorized exist="true" start_by="false" end_by="false" reason="character_caret_is_unauthorized">^</unauthorized>
        <unauthorized exist="true" start_by="false" end_by="false" reason="character_opening_bracket_is_unauthorized">[</unauthorized>
        <unauthorized exist="true" start_by="false" end_by="false" reason="character_closing_bracket_is_unauthorized">]</unauthorized>
        <unauthorized exist="true" start_by="false" end_by="false" reason="character_open_parenthesis_is_unauthorized">(</unauthorized>
        <unauthorized exist="true" start_by="false" end_by="false" reason="character_close_parenthesis_is_unauthorized">)</unauthorized>
      </user_name>
    </el_user>
    
  </unauthorized_list>
</unauthorized_root>