<?xml version="1.0" encoding="UTF-8" standalone="yes"?>
<fetch_catalog_root>

  <fetch_name value="" />

  <fetch_category value="other" />

  <fetch_author value="" />

  <fetch_version_support>
    <version value="2.0.0.0" />
  </fetch_version_support>

  <fetch_author_website>

  </fetch_author_website>
	
	<fetch_version value="1.0.0.0" />
	
	<fetch_release_date value="2023/08/31"/>

	<fetch_info>
	
	</fetch_info>
	
	<fetch_license>
		
	</fetch_license>
	
</fetch_catalog_root>